phase,case_id,instance,solution,scale,gurobi_runtime_seconds,gurobi_runtime_status,gurobi_runtime_source,time_limit_seconds,time_limit_rule,eval_time_limit_seconds,checker_accepted
holdout,adulyasak2015,large_instance_4.json,large_solution_4.json,large,3614.41,observed,historical_collaborator_archive,900,runtime > 300s -> 900s,900,True
holdout,alba2013,large_instance_5.json,large_solution_5.json,large,499.9,observed,historical_collaborator_archive,900,runtime > 300s -> 900s,900,True
holdout,alfieri2020,large_instance_3.json,large_solution_3.json,large,3609.59,observed,historical_collaborator_archive,900,runtime > 300s -> 900s,900,True
holdout,amaldi2013,large_instance_4.json,large_solution_4.json,large,3601.32,observed,historical_collaborator_archive,900,runtime > 300s -> 900s,900,True
holdout,araujo2015,large_instance_2.json,large_solution_2.json,large,3600.82,observed,historical_collaborator_archive,900,runtime > 300s -> 900s,900,True
holdout,araujo2020,large_instance_1.json,large_solution_1.json,large,54.31,observed,historical_collaborator_archive,300,runtime <= 120s -> 300s,900,True
holdout,archetti2007,large_instance_2.json,large_solution_2.json,large,2996.36,observed,historical_collaborator_archive,900,runtime > 300s -> 900s,900,True
holdout,armbruster2012,large_instance_3.json,large_solution_3.json,large,3615.76,observed,historical_collaborator_archive,900,runtime > 300s -> 900s,900,True
holdout,arslan2021,large_instance_3.json,large_solution_3.json,large,27.483967878855765,observed,current_rerun_20260831,120,runtime <= 30s -> 120s,900,True
holdout,bard2002,large_instance_1.json,large_solution_1.json,large,3600.591076553799,observed,current_rerun_20260831,900,runtime > 300s -> 900s,900,True
holdout,barnhart2000,large_instance_5.json,large_solution_5.json,large,543.18,observed,historical_collaborator_archive,900,runtime > 300s -> 900s,900,True
holdout,bayani2024,large_instance_4.json,large_solution_4.json,large,3601.49,observed,historical_collaborator_archive,900,runtime > 300s -> 900s,900,True
holdout,belhoul2014,large_instance_3.json,large_solution_3.json,large,49.42,observed,historical_collaborator_archive,300,runtime <= 120s -> 300s,900,True
holdout,belvaux2000,large_instance_2.json,large_solution_2.json,large,3600.23,observed,historical_collaborator_archive,900,runtime > 300s -> 900s,900,True
holdout,bentert2022,large_instance_5.json,large_solution_5.json,large,3574.69,observed,historical_collaborator_archive,900,runtime > 300s -> 900s,900,True
holdout,bergman2019,large_instance_3.json,large_solution_3.json,large,3600.17,observed,historical_collaborator_archive,900,runtime > 300s -> 900s,900,True
holdout,bertsimas2022,large_instance_4.json,large_solution_4.json,large,3606.96,observed,historical_collaborator_archive,900,runtime > 300s -> 900s,900,True
holdout,bertsimas2024,large_instance_4.json,large_solution_4.json,large,3028.6974435467273,observed,current_rerun_20260831,900,runtime > 300s -> 900s,900,True
holdout,bettinelli2017,large_instance_4.json,large_solution_4.json,large,3610.9,observed,historical_collaborator_archive,900,runtime > 300s -> 900s,900,True
holdout,bierwirth2017,large_instance_1.json,large_solution_1.json,large,3600.35,observed,historical_collaborator_archive,900,runtime > 300s -> 900s,900,True
holdout,bode2012,large_instance_3.json,large_solution_3.json,large,1.86,observed,historical_collaborator_archive,60,runtime <= 5s -> 60s,900,True
holdout,bodur2017,large_instance_4.json,large_solution_4.json,large,205.16,observed,historical_collaborator_archive,600,runtime <= 300s -> 600s,900,True
holdout,boland2019,large_instance_1.json,large_solution_1.json,large,3600.23,observed,historical_collaborator_archive,900,runtime > 300s -> 900s,900,True
holdout,bollapragada2001,large_instance_5.json,large_solution_5.json,large,3600.28,observed,historical_collaborator_archive,900,runtime > 300s -> 900s,900,True
holdout,borndorfer2007,large_instance_3.json,large_solution_3.json,large,3602.66,observed,historical_collaborator_archive,900,runtime > 300s -> 900s,900,True
holdout,bragin2022,large_instance_5.json,large_solution_5.json,large,1.81,observed,historical_collaborator_archive,60,runtime <= 5s -> 60s,900,True
holdout,brandao2016,large_instance_2.json,large_solution_2.json,large,161.55,observed,historical_collaborator_archive,600,runtime <= 300s -> 600s,900,True
holdout,bront2009,large_instance_3.json,large_solution_3.json,large,147.8,observed,historical_collaborator_archive,600,runtime <= 300s -> 600s,900,True
holdout,buchheim2018,large_instance_3.json,large_solution_3.json,large,3600.56,observed,historical_collaborator_archive,900,runtime > 300s -> 900s,900,True
holdout,byeon2022,large_instance_2.json,large_solution_2.json,large,164.04107390902936,observed,current_rerun_20260831,600,runtime <= 300s -> 600s,900,True
holdout,caprara1999,large_instance_1.json,large_solution_1.json,large,16.28,observed,historical_collaborator_archive,120,runtime <= 30s -> 120s,900,True
holdout,carosi2019,large_instance_3.json,large_solution_3.json,large,3606.05,observed,historical_collaborator_archive,900,runtime > 300s -> 900s,900,True
holdout,carvalho1999,large_instance_1.json,large_solution_1.json,large,18.62,observed,historical_collaborator_archive,120,runtime <= 30s -> 120s,900,True
holdout,carvalho2022,large_instance_3.json,large_solution_3.json,large,3600.6,observed,historical_collaborator_archive,900,runtime > 300s -> 900s,900,True
holdout,castro2021,large_instance_1.json,large_solution_1.json,large,1643.35,observed,historical_collaborator_archive,900,runtime > 300s -> 900s,900,True
holdout,chebil2015,large_instance_4.json,large_solution_4.json,large,2.59,observed,historical_collaborator_archive,60,runtime <= 5s -> 60s,900,True
holdout,chebil2019,large_instance_3.json,large_solution_3.json,large,179.24,observed,historical_collaborator_archive,600,runtime <= 300s -> 600s,900,True
holdout,chen1999,large_instance_3.json,large_solution_3.json,large,3601.87,observed,historical_collaborator_archive,900,runtime > 300s -> 900s,900,True
holdout,cherkesly2015,large_instance_4.json,large_solution_4.json,large,259.20907141733915,observed,current_rerun_20260831,600,runtime <= 300s -> 600s,900,True
holdout,colombi2017,large_instance_3.json,large_solution_3.json,large,3600.27,observed,historical_collaborator_archive,900,runtime > 300s -> 900s,900,True
holdout,contreras2011,large_instance_4.json,large_solution_4.json,large,580.75,observed,historical_collaborator_archive,900,runtime > 300s -> 900s,900,True
holdout,cordeau2006,large_instance_2.json,large_solution_2.json,large,3600.74,observed,historical_collaborator_archive,900,runtime > 300s -> 900s,900,True
holdout,cordeau2014,large_instance_4.json,large_solution_4.json,large,3601.6832738369703,observed,current_rerun_20260831,900,runtime > 300s -> 900s,900,True
holdout,cordeau2019,large_instance_1.json,large_solution_1.json,large,268.04,observed,historical_collaborator_archive,600,runtime <= 300s -> 600s,900,True
holdout,cote2018,large_instance_5.json,large_solution_5.json,large,24.68,observed,historical_collaborator_archive,120,runtime <= 30s -> 120s,900,True
holdout,cote2019,large_instance_5.json,large_solution_5.json,large,185.19,observed,historical_collaborator_archive,600,runtime <= 300s -> 600s,900,True
holdout,cunha2021,large_instance_3.json,large_solution_3.json,large,3600.48,observed,historical_collaborator_archive,900,runtime > 300s -> 900s,900,True
holdout,damcikurt2016,large_instance_2.json,large_solution_2.json,large,755.4486540015787,observed,current_rerun_20260831,900,runtime > 300s -> 900s,900,True
holdout,dayarian2019,large_instance_2.json,large_solution_2.json,large,3600.793936959468,observed,current_rerun_20260831,900,runtime > 300s -> 900s,900,True
holdout,degraeve2007,large_instance_3.json,large_solution_3.json,large,76.42,observed,historical_collaborator_archive,300,runtime <= 120s -> 300s,900,True
holdout,delage2022,large_instance_1.json,large_solution_1.json,large,3600.37,observed,historical_collaborator_archive,900,runtime > 300s -> 900s,900,True
holdout,delorme2020,large_instance_1.json,large_solution_1.json,large,860.22,observed,historical_collaborator_archive,900,runtime > 300s -> 900s,900,True
holdout,desaulniers2010,large_instance_2.json,large_solution_2.json,large,3608.49,observed,historical_collaborator_archive,900,runtime > 300s -> 900s,900,True
holdout,desaulniers2014,large_instance_5.json,large_solution_5.json,large,3600.3,observed,historical_collaborator_archive,900,runtime > 300s -> 900s,900,True
holdout,desaulniers2016,large_instance_3.json,large_solution_3.json,large,3600.87,observed,historical_collaborator_archive,900,runtime > 300s -> 900s,900,True
holdout,dienstknecht2024,large_instance_4.json,large_solution_4.json,large,3.65,observed,historical_collaborator_archive,60,runtime <= 5s -> 60s,900,True
holdout,earl2005,large_instance_3.json,large_solution_3.json,large,151.6,observed,historical_collaborator_archive,600,runtime <= 300s -> 600s,900,True
holdout,eiselt2009,large_instance_3.json,large_solution_3.json,large,3608.74,observed,historical_collaborator_archive,900,runtime > 300s -> 900s,900,True
holdout,elci2022,large_instance_2.json,large_solution_2.json,large,2000.18,observed,historical_collaborator_archive,900,runtime > 300s -> 900s,900,True
holdout,engineer2012,large_instance_1.json,large_solution_1.json,large,1632.81,observed,historical_collaborator_archive,900,runtime > 300s -> 900s,900,True
holdout,fischetti1997,large_instance_1.json,large_solution_1.json,large,3602.97,observed,historical_collaborator_archive,900,runtime > 300s -> 900s,900,True
holdout,fischetti1998,large_instance_2.json,large_solution_2.json,large,125.23,observed,historical_collaborator_archive,600,runtime <= 300s -> 600s,900,True
holdout,fischetti2017,large_instance_5.json,large_solution_5.json,large,3600.78,observed,historical_collaborator_archive,900,runtime > 300s -> 900s,900,True
holdout,fleszar2022b,large_instance_2.json,large_solution_2.json,large,3600.27,observed,historical_collaborator_archive,900,runtime > 300s -> 900s,900,True
holdout,forrest2006,large_instance_5.json,large_solution_5.json,large,274.55,observed,historical_collaborator_archive,600,runtime <= 300s -> 600s,900,True
holdout,fragkos2016,large_instance_3.json,large_solution_3.json,large,3600.4,observed,historical_collaborator_archive,900,runtime > 300s -> 900s,900,True
holdout,fragkos2021,large_instance_3.json,large_solution_3.json,large,3600.0,observed,historical_collaborator_archive,900,runtime > 300s -> 900s,900,True
holdout,freeman2018,large_instance_2.json,large_solution_2.json,large,102.68,observed,historical_collaborator_archive,300,runtime <= 120s -> 300s,900,True
holdout,freling2003,large_instance_1.json,large_solution_1.json,large,117.59,observed,historical_collaborator_archive,300,runtime <= 120s -> 300s,900,True
holdout,frey2017,large_instance_4.json,large_solution_4.json,large,175.01,observed,historical_collaborator_archive,600,runtime <= 300s -> 600s,900,True
holdout,furini2016,large_instance_1.json,large_solution_1.json,large,3622.53,observed,historical_collaborator_archive,900,runtime > 300s -> 900s,900,True
holdout,furini2017,large_instance_3.json,large_solution_3.json,large,73.66,observed,historical_collaborator_archive,300,runtime <= 120s -> 300s,900,True
holdout,furini2019,large_instance_2.json,large_solution_2.json,large,3603.47,observed,historical_collaborator_archive,900,runtime > 300s -> 900s,900,True
holdout,furini2021,large_instance_1.json,large_solution_1.json,large,3600.18,observed,historical_collaborator_archive,900,runtime > 300s -> 900s,900,True
holdout,gamache1999,large_instance_1.json,large_solution_1.json,large,105.24,observed,historical_collaborator_archive,300,runtime <= 120s -> 300s,900,True
holdout,gangammanavar2020,large_instance_5.json,large_solution_5.json,large,118.24,observed,historical_collaborator_archive,300,runtime <= 120s -> 300s,900,True
holdout,garcia2011,large_instance_5.json,large_solution_5.json,large,79.04,observed,historical_collaborator_archive,300,runtime <= 120s -> 300s,900,True
holdout,gruson2021,large_instance_1.json,large_solution_1.json,large,803.57,observed,historical_collaborator_archive,900,runtime > 300s -> 900s,900,True
holdout,gschwind2021,large_instance_1.json,large_solution_1.json,large,3622.7386569269,observed,current_rerun_20260831,900,runtime > 300s -> 900s,900,True
holdout,gualandi2012,large_instance_5.json,large_solution_5.json,large,3604.67,observed,historical_collaborator_archive,900,runtime > 300s -> 900s,900,True
holdout,guo2021,large_instance_3.json,large_solution_3.json,large,3607.83,observed,historical_collaborator_archive,900,runtime > 300s -> 900s,900,True
holdout,hadjar2006,large_instance_1.json,large_solution_1.json,large,186.43671914376318,observed,current_rerun_20260831,600,runtime <= 300s -> 600s,900,True
holdout,hassannayebi2016,large_instance_3.json,large_solution_3.json,large,3601.0,observed,historical_collaborator_archive,900,runtime > 300s -> 900s,900,True
holdout,he2020,large_instance_3.json,large_solution_3.json,large,3624.26,observed,historical_collaborator_archive,900,runtime > 300s -> 900s,900,True
holdout,hewitt2024,large_instance_2.json,large_solution_2.json,large,3608.19,observed,historical_collaborator_archive,900,runtime > 300s -> 900s,900,True
holdout,hoffman1993,large_instance_4.json,large_solution_4.json,large,3600.59,observed,historical_collaborator_archive,900,runtime > 300s -> 900s,900,True
holdout,hosseinian2020,large_instance_2.json,large_solution_2.json,large,3601.49,observed,historical_collaborator_archive,900,runtime > 300s -> 900s,900,True
holdout,huisman2005,large_instance_2.json,large_solution_2.json,large,100.9,observed,historical_collaborator_archive,300,runtime <= 120s -> 300s,900,True
holdout,ji2019,large_instance_1.json,large_solution_1.json,large,3600.85,observed,historical_collaborator_archive,900,runtime > 300s -> 900s,900,True
holdout,juvin2023,large_instance_3.json,large_solution_3.json,large,68.35,observed,historical_collaborator_archive,300,runtime <= 120s -> 300s,900,True
holdout,kang2021,large_instance_2.json,large_solution_2.json,large,3600.71,observed,historical_collaborator_archive,900,runtime > 300s -> 900s,900,True
holdout,klose2005,large_instance_1.json,large_solution_1.json,large,3614.82,observed,historical_collaborator_archive,900,runtime > 300s -> 900s,900,True
holdout,knueven2020,large_instance_4.json,large_solution_4.json,large,1229.34,observed,historical_collaborator_archive,900,runtime > 300s -> 900s,900,True
holdout,kobayashi2021,large_instance_2.json,large_solution_2.json,large,99.46,observed,historical_collaborator_archive,300,runtime <= 120s -> 300s,900,True
holdout,kobeaga2024,large_instance_4.json,large_solution_4.json,large,3603.45,observed,historical_collaborator_archive,900,runtime > 300s -> 900s,900,True
holdout,kowalczyk2018,large_instance_1.json,large_solution_1.json,large,8.79,observed,historical_collaborator_archive,120,runtime <= 30s -> 120s,900,True
holdout,kowalczyk2024,large_instance_4.json,large_solution_4.json,large,235.66,observed,historical_collaborator_archive,600,runtime <= 300s -> 600s,900,True
holdout,kress2019,large_instance_2.json,large_solution_2.json,large,3610.234077123925,observed,current_rerun_20260831,900,runtime > 300s -> 900s,900,True
holdout,kreter2018,large_instance_2.json,large_solution_2.json,large,3613.14,observed,historical_collaborator_archive,900,runtime > 300s -> 900s,900,True
holdout,lai2021,large_instance_4.json,large_solution_4.json,large,3616.42,observed,historical_collaborator_archive,900,runtime > 300s -> 900s,900,True
holdout,laporte2003,large_instance_3.json,large_solution_3.json,large,437.81,observed,historical_collaborator_archive,900,runtime > 300s -> 900s,900,True
holdout,lee1996,large_instance_1.json,large_solution_1.json,large,10.43,observed,historical_collaborator_archive,120,runtime <= 30s -> 120s,900,True
holdout,legrain2020,large_instance_1.json,large_solution_1.json,large,3602.37,observed,historical_collaborator_archive,900,runtime > 300s -> 900s,900,True
holdout,legrain2024,large_instance_5.json,large_solution_5.json,large,3601.5477789714932,observed,current_rerun_20260831,900,runtime > 300s -> 900s,900,True
holdout,letelier2022,large_instance_3.json,large_solution_3.json,large,3602.85,observed,historical_collaborator_archive,900,runtime > 300s -> 900s,900,True
holdout,levin2017,large_instance_3.json,large_solution_3.json,large,141.69,observed,historical_collaborator_archive,600,runtime <= 300s -> 600s,900,True
holdout,li2020,large_instance_1.json,large_solution_1.json,large,3600.29,observed,historical_collaborator_archive,900,runtime > 300s -> 900s,900,True
holdout,liao2020,large_instance_3.json,large_solution_3.json,large,1956.286275235936,observed,current_rerun_20260831,900,runtime > 300s -> 900s,900,True
holdout,lozano2017,large_instance_2.json,large_solution_2.json,large,546.2803139062598,observed,current_rerun_20260831,900,runtime > 300s -> 900s,900,True
holdout,luo2017,large_instance_5.json,large_solution_5.json,large,3601.0,observed,historical_collaborator_archive,900,runtime > 300s -> 900s,900,True
holdout,mansini2020,large_instance_3.json,large_solution_3.json,large,130.21,observed,historical_collaborator_archive,600,runtime <= 300s -> 600s,900,True
holdout,martello1999,large_instance_1.json,large_solution_1.json,large,233.24,observed,historical_collaborator_archive,600,runtime <= 300s -> 600s,900,True
holdout,martin-iradi2024,large_instance_3.json,large_solution_3.json,large,3601.1,observed,historical_collaborator_archive,900,runtime > 300s -> 900s,900,True
holdout,mehrotra1996,large_instance_5.json,large_solution_5.json,large,3633.996225995943,observed,current_rerun_20260831,900,runtime > 300s -> 900s,900,True
holdout,mingozzi1999,large_instance_2.json,large_solution_2.json,large,187.29,observed,historical_collaborator_archive,600,runtime <= 300s -> 600s,900,True
holdout,morrison2016,large_instance_2.json,large_solution_2.json,large,97.21,observed,historical_collaborator_archive,300,runtime <= 120s -> 300s,900,True
holdout,muter2010,large_instance_2.json,large_solution_2.json,large,1523.6928333165124,observed,current_rerun_20260831,900,runtime > 300s -> 900s,900,True
holdout,nagy2015,large_instance_2.json,large_solution_2.json,large,3604.89,observed,historical_collaborator_archive,900,runtime > 300s -> 900s,900,True
holdout,oliveira2020,large_instance_4.json,large_solution_4.json,large,0.22707281820476055,observed,current_rerun_20260831,60,runtime <= 5s -> 60s,900,True
holdout,ostrowski2012,large_instance_51.json,large_solution_51.json,large,195.68431826401502,observed,current_rerun_20260831,600,runtime <= 300s -> 600s,900,True
holdout,ozturk2020,large_instance_3.json,large_solution_3.json,large,3600.98,observed,historical_collaborator_archive,900,runtime > 300s -> 900s,900,True
holdout,pecin2017,large_instance_4.json,large_solution_4.json,large,3601.61,observed,historical_collaborator_archive,900,runtime > 300s -> 900s,900,True
holdout,pedersen2024,large_instance_3.json,large_solution_3.json,large,1387.68,observed,historical_collaborator_archive,900,runtime > 300s -> 900s,900,True
holdout,pessoa2021,large_instance_5.json,large_solution_5.json,large,3600.65,observed,historical_collaborator_archive,900,runtime > 300s -> 900s,900,True
holdout,pettersson2020,large_instance_5.json,large_solution_5.json,large,139.47,observed,historical_collaborator_archive,600,runtime <= 300s -> 600s,900,True
holdout,pinnoi1997,large_instance_1.json,large_solution_1.json,large,0.48,observed,historical_collaborator_archive,60,runtime <= 5s -> 60s,900,True
holdout,potthoff2010,large_instance_5.json,large_solution_5.json,large,0.16989686340093613,observed,current_rerun_20260831,60,runtime <= 5s -> 60s,900,True
holdout,rahimian2017,large_instance_5.json,large_solution_5.json,large,22.65,observed,historical_collaborator_archive,120,runtime <= 30s -> 120s,900,True
holdout,rahmaniani2017,large_instance_2.json,large_solution_2.json,large,137.31863779388368,observed,current_rerun_20260831,600,runtime <= 300s -> 600s,900,True
holdout,rahmaniani2018,large_instance_3.json,large_solution_3.json,large,232.11549211107194,observed,current_rerun_20260831,600,runtime <= 300s -> 600s,900,True
holdout,rahmaniani2020,large_instance_3.json,large_solution_3.json,large,327.03,observed,historical_collaborator_archive,900,runtime > 300s -> 900s,900,True
holdout,rahmaniani2022,large_instance_5.json,large_solution_5.json,large,225.45050676353276,observed,current_rerun_20260831,600,runtime <= 300s -> 600s,900,True
holdout,reihaneh2019,large_instance_4.json,large_solution_4.json,large,3600.83,observed,historical_collaborator_archive,900,runtime > 300s -> 900s,900,True
holdout,reinhardt2016,large_instance_2.json,large_solution_2.json,large,3601.71,observed,historical_collaborator_archive,900,runtime > 300s -> 900s,900,True
holdout,ribeiro1994,large_instance_2.json,large_solution_2.json,large,53.6,observed,historical_collaborator_archive,300,runtime <= 120s -> 300s,900,True
holdout,riley2025,large_instance_5.json,large_solution_5.json,large,304.5848647747189,observed,current_rerun_20260831,900,runtime > 300s -> 900s,900,True
holdout,roberti2015,large_instance_4.json,large_solution_4.json,large,3600.27,observed,historical_collaborator_archive,900,runtime > 300s -> 900s,900,True
holdout,roberti2018,large_instance_3.json,large_solution_3.json,large,3600.41,observed,historical_collaborator_archive,900,runtime > 300s -> 900s,900,True
holdout,roberti2021,large_instance_5.json,large_solution_5.json,large,128.33,observed,historical_collaborator_archive,600,runtime <= 300s -> 600s,900,True
holdout,ropke2009,large_instance_3.json,large_solution_3.json,large,3608.36,observed,historical_collaborator_archive,900,runtime > 300s -> 900s,900,True
holdout,roshanaei2017,large_instance_2.json,large_solution_2.json,large,3608.76,observed,historical_collaborator_archive,900,runtime > 300s -> 900s,900,True
holdout,rostami2021,large_instance_5.json,large_solution_5.json,large,784.83,observed,historical_collaborator_archive,900,runtime > 300s -> 900s,900,True
holdout,rothenbacher2018,large_instance_5.json,large_solution_5.json,large,3626.55,observed,historical_collaborator_archive,900,runtime > 300s -> 900s,900,True
holdout,rothenbacher2019,large_instance_3.json,large_solution_3.json,large,1499.28,observed,historical_collaborator_archive,900,runtime > 300s -> 900s,900,True
holdout,ruiz2007,large_instance_4.json,large_solution_4.json,large,3600.55,observed,historical_collaborator_archive,900,runtime > 300s -> 900s,900,True
holdout,sadykov2013,large_instance_5.json,large_solution_5.json,large,3604.18,observed,historical_collaborator_archive,900,runtime > 300s -> 900s,900,True
holdout,salemi2022,large_instance_5.json,large_solution_5.json,large,3615.15,observed,historical_collaborator_archive,900,runtime > 300s -> 900s,900,True
holdout,samarghandi2017,large_instance_5.json,large_solution_5.json,large,3603.75,observed,historical_collaborator_archive,900,runtime > 300s -> 900s,900,True
holdout,sansegundo2016,large_instance_1.json,large_solution_1.json,large,112.8,observed,historical_collaborator_archive,300,runtime <= 120s -> 300s,900,True
holdout,sansegundo2023,large_instance_1.json,large_solution_1.json,large,3602.95,observed,historical_collaborator_archive,900,runtime > 300s -> 900s,900,True
holdout,savelsbergh1997,large_instance_4.json,large_solution_4.json,large,0.34,observed,historical_collaborator_archive,60,runtime <= 5s -> 60s,900,True
holdout,schwerdfeger2016,large_instance_1.json,large_solution_1.json,large,26.5,observed,historical_collaborator_archive,120,runtime <= 30s -> 120s,900,True
holdout,segundo2019,large_instance_1.json,large_solution_1.json,large,3628.93,observed,historical_collaborator_archive,900,runtime > 300s -> 900s,900,True
holdout,segundo2019b,large_instance_4.json,large_solution_4.json,large,3616.78,observed,historical_collaborator_archive,900,runtime > 300s -> 900s,900,True
holdout,seker2021,large_instance_1.json,large_solution_1.json,large,84.04,observed,historical_collaborator_archive,300,runtime <= 120s -> 300s,900,True
holdout,song2021,large_instance_5.json,large_solution_5.json,large,16.75,observed,historical_collaborator_archive,120,runtime <= 30s -> 120s,900,True
holdout,spliet2015,large_instance_3.json,large_solution_3.json,large,3601.01,observed,historical_collaborator_archive,900,runtime > 300s -> 900s,900,True
holdout,taninmis2022,large_instance_1.json,large_solution_1.json,large,2976.200261361897,observed,current_rerun_20260831,900,runtime > 300s -> 900s,900,True
holdout,tran2018,large_instance_4.json,large_solution_4.json,large,75.82,observed,historical_collaborator_archive,300,runtime <= 120s -> 300s,900,True
holdout,vidal2011,large_instance_2.json,large_solution_2.json,large,3601.31,observed,historical_collaborator_archive,900,runtime > 300s -> 900s,900,True
holdout,walteros2020,large_instance_1.json,large_solution_1.json,large,37.58,observed,historical_collaborator_archive,300,runtime <= 120s -> 300s,900,True
holdout,wang2019,large_instance_1.json,large_solution_1.json,large,3602.56,observed,historical_collaborator_archive,900,runtime > 300s -> 900s,900,True
holdout,wang2025,large_instance_3.json,large_solution_3.json,large,495.68,observed,historical_collaborator_archive,900,runtime > 300s -> 900s,900,True
holdout,wangk2020,large_instance_1.json,large_solution_1.json,large,238.96,observed,historical_collaborator_archive,600,runtime <= 300s -> 600s,900,True
holdout,wangy2020,large_instance_1.json,large_solution_1.json,large,100.99,observed,historical_collaborator_archive,300,runtime <= 120s -> 300s,900,True
holdout,watermeyer2020,large_instance_5.json,large_solution_5.json,large,3604.59,observed,historical_collaborator_archive,900,runtime > 300s -> 900s,900,True
holdout,watermeyer2022,large_instance_1.json,large_solution_1.json,large,140.0,observed,historical_collaborator_archive,600,runtime <= 300s -> 600s,900,True
holdout,watermeyer2023,large_instance_5.json,large_solution_5.json,large,102.54,observed,historical_collaborator_archive,300,runtime <= 120s -> 300s,900,True
holdout,wei2020,large_instance_4.json,large_solution_4.json,large,3602.59,observed,historical_collaborator_archive,900,runtime > 300s -> 900s,900,True
holdout,wei2020b,large_instance_2.json,large_solution_2.json,large,12.53,observed,historical_collaborator_archive,120,runtime <= 30s -> 120s,900,True
holdout,wu2018,large_instance_3.json,large_solution_3.json,large,3600.22,observed,historical_collaborator_archive,900,runtime > 300s -> 900s,900,True
holdout,wu2022,large_instance_4.json,large_solution_4.json,large,141.7,observed,historical_collaborator_archive,600,runtime <= 300s -> 600s,900,True
holdout,wu2023,large_instance_5.json,large_solution_5.json,large,1651.7177609149367,observed,current_rerun_20260831,900,runtime > 300s -> 900s,900,True
holdout,xie2019,large_instance_2.json,large_solution_2.json,large,135.65,observed,historical_collaborator_archive,600,runtime <= 300s -> 600s,900,True
holdout,xu2024,large_instance_1.json,large_solution_1.json,large,3600.7,observed,historical_collaborator_archive,900,runtime > 300s -> 900s,900,True
holdout,yang2013,large_instance_1.json,large_solution_1.json,large,3605.41,observed,historical_collaborator_archive,900,runtime > 300s -> 900s,900,True
holdout,zetina2019,large_instance_4.json,large_solution_4.json,large,3615.01,observed,historical_collaborator_archive,900,runtime > 300s -> 900s,900,True
holdout,zetina2020,large_instance_2.json,large_solution_2.json,large,3601.15,observed,historical_collaborator_archive,900,runtime > 300s -> 900s,900,True
holdout,zhang2025,large_instance_4.json,large_solution_4.json,large,3605.76,observed,historical_collaborator_archive,900,runtime > 300s -> 900s,900,True
holdout,zohali2022,large_instance_2.json,large_solution_2.json,large,30.215197525918484,observed,current_rerun_20260831,300,runtime <= 120s -> 300s,900,True
test,adulyasak2015,large_instance_1.json,large_solution_1.json,large,3628.54,observed,historical_collaborator_archive,900,runtime > 300s -> 900s,900,True
test,adulyasak2015,large_instance_2.json,large_solution_2.json,large,3617.55,observed,historical_collaborator_archive,900,runtime > 300s -> 900s,900,True
test,adulyasak2015,large_instance_3.json,large_solution_3.json,large,3613.11,observed,historical_collaborator_archive,900,runtime > 300s -> 900s,900,True
test,adulyasak2015,large_instance_5.json,large_solution_5.json,large,3613.01,observed,historical_collaborator_archive,900,runtime > 300s -> 900s,900,True
test,alba2013,large_instance_1.json,large_solution_1.json,large,38.35,observed,historical_collaborator_archive,300,runtime <= 120s -> 300s,900,True
test,alba2013,large_instance_2.json,large_solution_2.json,large,108.91,observed,historical_collaborator_archive,300,runtime <= 120s -> 300s,900,True
test,alba2013,large_instance_3.json,large_solution_3.json,large,2511.67,observed,historical_collaborator_archive,900,runtime > 300s -> 900s,900,True
test,alba2013,large_instance_4.json,large_solution_4.json,large,757.15,observed,historical_collaborator_archive,900,runtime > 300s -> 900s,900,True
test,alfieri2020,large_instance_1.json,large_solution_1.json,large,3613.69,observed,historical_collaborator_archive,900,runtime > 300s -> 900s,900,True
test,alfieri2020,large_instance_2.json,large_solution_2.json,large,3604.97,observed,historical_collaborator_archive,900,runtime > 300s -> 900s,900,True
test,alfieri2020,large_instance_4.json,large_solution_4.json,large,3615.22,observed,historical_collaborator_archive,900,runtime > 300s -> 900s,900,True
test,alfieri2020,large_instance_5.json,large_solution_5.json,large,3605.31,observed,historical_collaborator_archive,900,runtime > 300s -> 900s,900,True
test,amaldi2013,large_instance_1.json,large_solution_1.json,large,145.64,observed,historical_collaborator_archive,600,runtime <= 300s -> 600s,900,True
test,amaldi2013,large_instance_2.json,large_solution_2.json,large,3600.89,observed,historical_collaborator_archive,900,runtime > 300s -> 900s,900,True
test,amaldi2013,large_instance_3.json,large_solution_3.json,large,3602.07,observed,historical_collaborator_archive,900,runtime > 300s -> 900s,900,True
test,amaldi2013,large_instance_5.json,large_solution_5.json,large,3601.65,observed,historical_collaborator_archive,900,runtime > 300s -> 900s,900,True
test,araujo2015,large_instance_1.json,large_solution_1.json,large,3601.78,observed,historical_collaborator_archive,900,runtime > 300s -> 900s,900,True
test,araujo2015,large_instance_3.json,large_solution_3.json,large,3600.71,observed,historical_collaborator_archive,900,runtime > 300s -> 900s,900,True
test,araujo2015,large_instance_4.json,large_solution_4.json,large,4.44,observed,historical_collaborator_archive,60,runtime <= 5s -> 60s,900,True
test,araujo2015,large_instance_5.json,large_solution_5.json,large,3601.13,observed,historical_collaborator_archive,900,runtime > 300s -> 900s,900,True
test,araujo2020,large_instance_2.json,large_solution_2.json,large,148.05,observed,historical_collaborator_archive,600,runtime <= 300s -> 600s,900,True
test,araujo2020,large_instance_3.json,large_solution_3.json,large,13.63,observed,historical_collaborator_archive,120,runtime <= 30s -> 120s,900,True
test,araujo2020,large_instance_4.json,large_solution_4.json,large,191.58,observed,historical_collaborator_archive,600,runtime <= 300s -> 600s,900,True
test,araujo2020,large_instance_5.json,large_solution_5.json,large,16.16,observed,historical_collaborator_archive,120,runtime <= 30s -> 120s,900,True
test,archetti2007,large_instance_1.json,large_solution_1.json,large,537.33,observed,historical_collaborator_archive,900,runtime > 300s -> 900s,900,True
test,archetti2007,large_instance_3.json,large_solution_3.json,large,1435.39,observed,historical_collaborator_archive,900,runtime > 300s -> 900s,900,True
test,archetti2007,large_instance_4.json,large_solution_4.json,large,3601.1,observed,historical_collaborator_archive,900,runtime > 300s -> 900s,900,True
test,archetti2007,large_instance_5.json,large_solution_5.json,large,3601.08,observed,historical_collaborator_archive,900,runtime > 300s -> 900s,900,True
test,armbruster2012,large_instance_1.json,large_solution_1.json,large,3605.63,observed,historical_collaborator_archive,900,runtime > 300s -> 900s,900,True
test,armbruster2012,large_instance_2.json,large_solution_2.json,large,3622.93,observed,historical_collaborator_archive,900,runtime > 300s -> 900s,900,True
test,armbruster2012,large_instance_4.json,large_solution_4.json,large,3615.76,observed,historical_collaborator_archive,900,runtime > 300s -> 900s,900,True
test,armbruster2012,large_instance_5.json,large_solution_5.json,large,3614.51,observed,historical_collaborator_archive,900,runtime > 300s -> 900s,900,True
test,arslan2021,large_instance_1.json,large_solution_1.json,large,230.0179964248091,observed,current_rerun_20260831,600,runtime <= 300s -> 600s,900,True
test,arslan2021,large_instance_2.json,large_solution_2.json,large,0.480691927485168,observed,current_rerun_20260831,60,runtime <= 5s -> 60s,900,True
test,arslan2021,large_instance_4.json,large_solution_4.json,large,19.81513275951147,observed,current_rerun_20260831,120,runtime <= 30s -> 120s,900,True
test,arslan2021,large_instance_5.json,large_solution_5.json,large,71.6241057915613,observed,current_rerun_20260831,300,runtime <= 120s -> 300s,900,True
test,bard2002,large_instance_2.json,large_solution_2.json,large,3600.490341892466,observed,current_rerun_20260831,900,runtime > 300s -> 900s,900,True
test,bard2002,large_instance_3.json,large_solution_3.json,large,0.3849184261634946,observed,current_rerun_20260831,60,runtime <= 5s -> 60s,900,True
test,bard2002,large_instance_4.json,large_solution_4.json,large,3600.7235682867467,observed,current_rerun_20260831,900,runtime > 300s -> 900s,900,True
test,bard2002,large_instance_5.json,large_solution_5.json,large,3600.727088941261,observed,current_rerun_20260831,900,runtime > 300s -> 900s,900,True
test,barnhart2000,large_instance_1.json,large_solution_1.json,large,699.15,observed,historical_collaborator_archive,900,runtime > 300s -> 900s,900,True
test,barnhart2000,large_instance_2.json,large_solution_2.json,large,12.33,observed,historical_collaborator_archive,120,runtime <= 30s -> 120s,900,True
test,barnhart2000,large_instance_3.json,large_solution_3.json,large,1647.34,observed,historical_collaborator_archive,900,runtime > 300s -> 900s,900,True
test,barnhart2000,large_instance_4.json,large_solution_4.json,large,17.77,observed,historical_collaborator_archive,120,runtime <= 30s -> 120s,900,True
test,bayani2024,large_instance_1.json,large_solution_1.json,large,3602.29,observed,historical_collaborator_archive,900,runtime > 300s -> 900s,900,True
test,bayani2024,large_instance_2.json,large_solution_2.json,large,3601.23,observed,historical_collaborator_archive,900,runtime > 300s -> 900s,900,True
test,bayani2024,large_instance_3.json,large_solution_3.json,large,3601.19,observed,historical_collaborator_archive,900,runtime > 300s -> 900s,900,True
test,bayani2024,large_instance_5.json,large_solution_5.json,large,3601.75,observed,historical_collaborator_archive,900,runtime > 300s -> 900s,900,True
test,belhoul2014,large_instance_1.json,large_solution_1.json,large,34.41,observed,historical_collaborator_archive,300,runtime <= 120s -> 300s,900,True
test,belhoul2014,large_instance_2.json,large_solution_2.json,large,27.19,observed,historical_collaborator_archive,120,runtime <= 30s -> 120s,900,True
test,belhoul2014,large_instance_4.json,large_solution_4.json,large,59.3,observed,historical_collaborator_archive,300,runtime <= 120s -> 300s,900,True
test,belhoul2014,large_instance_5.json,large_solution_5.json,large,3625.56,observed,historical_collaborator_archive,900,runtime > 300s -> 900s,900,True
test,belvaux2000,large_instance_1.json,large_solution_1.json,large,3600.2,observed,historical_collaborator_archive,900,runtime > 300s -> 900s,900,True
test,belvaux2000,large_instance_3.json,large_solution_3.json,large,3600.27,observed,historical_collaborator_archive,900,runtime > 300s -> 900s,900,True
test,belvaux2000,large_instance_4.json,large_solution_4.json,large,1067.24,observed,historical_collaborator_archive,900,runtime > 300s -> 900s,900,True
test,belvaux2000,large_instance_5.json,large_solution_5.json,large,3600.34,observed,historical_collaborator_archive,900,runtime > 300s -> 900s,900,True
test,bentert2022,large_instance_1.json,large_solution_1.json,large,78.83,observed,historical_collaborator_archive,300,runtime <= 120s -> 300s,900,True
test,bentert2022,large_instance_2.json,large_solution_2.json,large,259.07,observed,historical_collaborator_archive,600,runtime <= 300s -> 600s,900,True
test,bentert2022,large_instance_3.json,large_solution_3.json,large,3601.14,observed,historical_collaborator_archive,900,runtime > 300s -> 900s,900,True
test,bentert2022,large_instance_4.json,large_solution_4.json,large,3601.0,observed,historical_collaborator_archive,900,runtime > 300s -> 900s,900,True
test,bergman2019,large_instance_1.json,large_solution_1.json,large,3600.15,observed,historical_collaborator_archive,900,runtime > 300s -> 900s,900,True
test,bergman2019,large_instance_2.json,large_solution_2.json,large,3600.15,observed,historical_collaborator_archive,900,runtime > 300s -> 900s,900,True
test,bergman2019,large_instance_4.json,large_solution_4.json,large,3600.17,observed,historical_collaborator_archive,900,runtime > 300s -> 900s,900,True
test,bergman2019,large_instance_5.json,large_solution_5.json,large,3600.18,observed,historical_collaborator_archive,900,runtime > 300s -> 900s,900,True
test,bertsimas2022,large_instance_1.json,large_solution_1.json,large,3606.96,observed,historical_collaborator_archive,900,runtime > 300s -> 900s,900,True
test,bertsimas2022,large_instance_2.json,large_solution_2.json,large,3610.05,observed,historical_collaborator_archive,900,runtime > 300s -> 900s,900,True
test,bertsimas2022,large_instance_3.json,large_solution_3.json,large,3606.86,observed,historical_collaborator_archive,900,runtime > 300s -> 900s,900,True
test,bertsimas2022,large_instance_5.json,large_solution_5.json,large,3612.11,observed,historical_collaborator_archive,900,runtime > 300s -> 900s,900,True
test,bertsimas2024,large_instance_1.json,large_solution_1.json,large,3072.537081817165,observed,current_rerun_20260831,900,runtime > 300s -> 900s,900,True
test,bertsimas2024,large_instance_2.json,large_solution_2.json,large,522.0160622429103,observed,current_rerun_20260831,900,runtime > 300s -> 900s,900,True
test,bertsimas2024,large_instance_3.json,large_solution_3.json,large,383.05625827703625,observed,current_rerun_20260831,900,runtime > 300s -> 900s,900,True
test,bertsimas2024,large_instance_5.json,large_solution_5.json,large,3073.042305377312,observed,current_rerun_20260831,900,runtime > 300s -> 900s,900,True
test,bettinelli2017,large_instance_1.json,large_solution_1.json,large,3611.88,observed,historical_collaborator_archive,900,runtime > 300s -> 900s,900,True
test,bettinelli2017,large_instance_2.json,large_solution_2.json,large,3606.07,observed,historical_collaborator_archive,900,runtime > 300s -> 900s,900,True
test,bettinelli2017,large_instance_3.json,large_solution_3.json,large,3603.1,observed,historical_collaborator_archive,900,runtime > 300s -> 900s,900,True
test,bettinelli2017,large_instance_5.json,large_solution_5.json,large,3614.98,observed,historical_collaborator_archive,900,runtime > 300s -> 900s,900,True
test,bierwirth2017,large_instance_2.json,large_solution_2.json,large,3601.4,observed,historical_collaborator_archive,900,runtime > 300s -> 900s,900,True
test,bierwirth2017,large_instance_3.json,large_solution_3.json,large,3600.33,observed,historical_collaborator_archive,900,runtime > 300s -> 900s,900,True
test,bierwirth2017,large_instance_4.json,large_solution_4.json,large,3600.47,observed,historical_collaborator_archive,900,runtime > 300s -> 900s,900,True
test,bierwirth2017,large_instance_5.json,large_solution_5.json,large,3600.32,observed,historical_collaborator_archive,900,runtime > 300s -> 900s,900,True
test,bode2012,large_instance_1.json,large_solution_1.json,large,232.17,observed,historical_collaborator_archive,600,runtime <= 300s -> 600s,900,True
test,bode2012,large_instance_2.json,large_solution_2.json,large,416.31,observed,historical_collaborator_archive,900,runtime > 300s -> 900s,900,True
test,bode2012,large_instance_4.json,large_solution_4.json,large,0.55,observed,historical_collaborator_archive,60,runtime <= 5s -> 60s,900,True
test,bode2012,large_instance_5.json,large_solution_5.json,large,1.61,observed,historical_collaborator_archive,60,runtime <= 5s -> 60s,900,True
test,bodur2017,large_instance_1.json,large_solution_1.json,large,360.24,observed,historical_collaborator_archive,900,runtime > 300s -> 900s,900,True
test,bodur2017,large_instance_2.json,large_solution_2.json,large,111.86,observed,historical_collaborator_archive,300,runtime <= 120s -> 300s,900,True
test,bodur2017,large_instance_3.json,large_solution_3.json,large,65.11,observed,historical_collaborator_archive,300,runtime <= 120s -> 300s,900,True
test,bodur2017,large_instance_5.json,large_solution_5.json,large,220.06,observed,historical_collaborator_archive,600,runtime <= 300s -> 600s,900,True
test,boland2019,large_instance_2.json,large_solution_2.json,large,3600.47,observed,historical_collaborator_archive,900,runtime > 300s -> 900s,900,True
test,boland2019,large_instance_3.json,large_solution_3.json,large,3601.24,observed,historical_collaborator_archive,900,runtime > 300s -> 900s,900,True
test,boland2019,large_instance_4.json,large_solution_4.json,large,3600.22,observed,historical_collaborator_archive,900,runtime > 300s -> 900s,900,True
test,boland2019,large_instance_5.json,large_solution_5.json,large,3600.22,observed,historical_collaborator_archive,900,runtime > 300s -> 900s,900,True
test,bollapragada2001,large_instance_1.json,large_solution_1.json,large,57.61,observed,historical_collaborator_archive,300,runtime <= 120s -> 300s,900,True
test,bollapragada2001,large_instance_2.json,large_solution_2.json,large,554.45,observed,historical_collaborator_archive,900,runtime > 300s -> 900s,900,True
test,bollapragada2001,large_instance_3.json,large_solution_3.json,large,3600.31,observed,historical_collaborator_archive,900,runtime > 300s -> 900s,900,True
test,bollapragada2001,large_instance_4.json,large_solution_4.json,large,3600.29,observed,historical_collaborator_archive,900,runtime > 300s -> 900s,900,True
test,borndorfer2007,large_instance_1.json,large_solution_1.json,large,3603.04,observed,historical_collaborator_archive,900,runtime > 300s -> 900s,900,True
test,borndorfer2007,large_instance_2.json,large_solution_2.json,large,3602.39,observed,historical_collaborator_archive,900,runtime > 300s -> 900s,900,True
test,borndorfer2007,large_instance_4.json,large_solution_4.json,large,3603.38,observed,historical_collaborator_archive,900,runtime > 300s -> 900s,900,True
test,borndorfer2007,large_instance_5.json,large_solution_5.json,large,3602.23,observed,historical_collaborator_archive,900,runtime > 300s -> 900s,900,True
test,bragin2022,large_instance_1.json,large_solution_1.json,large,2.46,observed,historical_collaborator_archive,60,runtime <= 5s -> 60s,900,True
test,bragin2022,large_instance_2.json,large_solution_2.json,large,3601.08,observed,historical_collaborator_archive,900,runtime > 300s -> 900s,900,True
test,bragin2022,large_instance_3.json,large_solution_3.json,large,1.36,observed,historical_collaborator_archive,60,runtime <= 5s -> 60s,900,True
test,bragin2022,large_instance_4.json,large_solution_4.json,large,1.21,observed,historical_collaborator_archive,60,runtime <= 5s -> 60s,900,True
test,brandao2016,large_instance_1.json,large_solution_1.json,large,766.69,observed,historical_collaborator_archive,900,runtime > 300s -> 900s,900,True
test,brandao2016,large_instance_3.json,large_solution_3.json,large,70.63,observed,historical_collaborator_archive,300,runtime <= 120s -> 300s,900,True
test,brandao2016,large_instance_4.json,large_solution_4.json,large,339.15,observed,historical_collaborator_archive,900,runtime > 300s -> 900s,900,True
test,brandao2016,large_instance_5.json,large_solution_5.json,large,11.88,observed,historical_collaborator_archive,120,runtime <= 30s -> 120s,900,True
test,bront2009,large_instance_1.json,large_solution_1.json,large,52.02,observed,historical_collaborator_archive,300,runtime <= 120s -> 300s,900,True
test,bront2009,large_instance_2.json,large_solution_2.json,large,164.57,observed,historical_collaborator_archive,600,runtime <= 300s -> 600s,900,True
test,bront2009,large_instance_4.json,large_solution_4.json,large,234.42,observed,historical_collaborator_archive,600,runtime <= 300s -> 600s,900,True
test,bront2009,large_instance_5.json,large_solution_5.json,large,140.82,observed,historical_collaborator_archive,600,runtime <= 300s -> 600s,900,True
test,buchheim2018,large_instance_1.json,large_solution_1.json,large,3600.82,observed,historical_collaborator_archive,900,runtime > 300s -> 900s,900,True
test,buchheim2018,large_instance_2.json,large_solution_2.json,large,2932.85,observed,historical_collaborator_archive,900,runtime > 300s -> 900s,900,True
test,buchheim2018,large_instance_4.json,large_solution_4.json,large,3600.73,observed,historical_collaborator_archive,900,runtime > 300s -> 900s,900,True
test,buchheim2018,large_instance_5.json,large_solution_5.json,large,316.1,observed,historical_collaborator_archive,900,runtime > 300s -> 900s,900,True
test,byeon2022,large_instance_1.json,large_solution_1.json,large,360.1980264717713,observed,current_rerun_20260831,900,runtime > 300s -> 900s,900,True
test,byeon2022,large_instance_3.json,large_solution_3.json,large,4.602529797703028,observed,current_rerun_20260831,60,runtime <= 5s -> 60s,900,True
test,byeon2022,large_instance_4.json,large_solution_4.json,large,3.5463504418730736,observed,current_rerun_20260831,60,runtime <= 5s -> 60s,900,True
test,byeon2022,large_instance_5.json,large_solution_5.json,large,624.8662024075165,observed,current_rerun_20260831,900,runtime > 300s -> 900s,900,True
test,caprara1999,large_instance_2.json,large_solution_2.json,large,193.92,observed,historical_collaborator_archive,600,runtime <= 300s -> 600s,900,True
test,caprara1999,large_instance_3.json,large_solution_3.json,large,4.06,observed,historical_collaborator_archive,60,runtime <= 5s -> 60s,900,True
test,caprara1999,large_instance_4.json,large_solution_4.json,large,12.67,observed,historical_collaborator_archive,120,runtime <= 30s -> 120s,900,True
test,caprara1999,large_instance_5.json,large_solution_5.json,large,1590.59,observed,historical_collaborator_archive,900,runtime > 300s -> 900s,900,True
test,carosi2019,large_instance_1.json,large_solution_1.json,large,3609.85,observed,historical_collaborator_archive,900,runtime > 300s -> 900s,900,True
test,carosi2019,large_instance_2.json,large_solution_2.json,large,3609.74,observed,historical_collaborator_archive,900,runtime > 300s -> 900s,900,True
test,carosi2019,large_instance_4.json,large_solution_4.json,large,3603.86,observed,historical_collaborator_archive,900,runtime > 300s -> 900s,900,True
test,carosi2019,large_instance_5.json,large_solution_5.json,large,24.81,observed,historical_collaborator_archive,120,runtime <= 30s -> 120s,900,True
test,carvalho1999,large_instance_2.json,large_solution_2.json,large,1400.5,observed,historical_collaborator_archive,900,runtime > 300s -> 900s,900,True
test,carvalho1999,large_instance_3.json,large_solution_3.json,large,1.64,observed,historical_collaborator_archive,60,runtime <= 5s -> 60s,900,True
test,carvalho1999,large_instance_4.json,large_solution_4.json,large,4.82,observed,historical_collaborator_archive,60,runtime <= 5s -> 60s,900,True
test,carvalho1999,large_instance_5.json,large_solution_5.json,large,465.62,observed,historical_collaborator_archive,900,runtime > 300s -> 900s,900,True
test,carvalho2022,large_instance_1.json,large_solution_1.json,large,3600.57,observed,historical_collaborator_archive,900,runtime > 300s -> 900s,900,True
test,carvalho2022,large_instance_2.json,large_solution_2.json,large,3600.72,observed,historical_collaborator_archive,900,runtime > 300s -> 900s,900,True
test,carvalho2022,large_instance_4.json,large_solution_4.json,large,3602.62,observed,historical_collaborator_archive,900,runtime > 300s -> 900s,900,True
test,carvalho2022,large_instance_5.json,large_solution_5.json,large,3600.56,observed,historical_collaborator_archive,900,runtime > 300s -> 900s,900,True
test,castro2021,large_instance_2.json,large_solution_2.json,large,1198.97,observed,historical_collaborator_archive,900,runtime > 300s -> 900s,900,True
test,castro2021,large_instance_3.json,large_solution_3.json,large,2335.05,observed,historical_collaborator_archive,900,runtime > 300s -> 900s,900,True
test,castro2021,large_instance_4.json,large_solution_4.json,large,,timeout_censored,historical_collaborator_archive,900,timeout-censored or unavailable -> 900s,900,True
test,castro2021,large_instance_5.json,large_solution_5.json,large,1538.78,observed,historical_collaborator_archive,900,runtime > 300s -> 900s,900,True
test,chebil2015,large_instance_1.json,large_solution_1.json,large,34.54,observed,historical_collaborator_archive,300,runtime <= 120s -> 300s,900,True
test,chebil2015,large_instance_2.json,large_solution_2.json,large,2.17,observed,historical_collaborator_archive,60,runtime <= 5s -> 60s,900,True
test,chebil2015,large_instance_3.json,large_solution_3.json,large,1.16,observed,historical_collaborator_archive,60,runtime <= 5s -> 60s,900,True
test,chebil2015,large_instance_5.json,large_solution_5.json,large,2188.6,observed,historical_collaborator_archive,900,runtime > 300s -> 900s,900,True
test,chebil2019,large_instance_1.json,large_solution_1.json,large,3600.77,observed,historical_collaborator_archive,900,runtime > 300s -> 900s,900,True
test,chebil2019,large_instance_2.json,large_solution_2.json,large,17.56,observed,historical_collaborator_archive,120,runtime <= 30s -> 120s,900,True
test,chebil2019,large_instance_4.json,large_solution_4.json,large,3600.99,observed,historical_collaborator_archive,900,runtime > 300s -> 900s,900,True
test,chebil2019,large_instance_5.json,large_solution_5.json,large,15.04,observed,historical_collaborator_archive,120,runtime <= 30s -> 120s,900,True
test,chen1999,large_instance_1.json,large_solution_1.json,large,3602.06,observed,historical_collaborator_archive,900,runtime > 300s -> 900s,900,True
test,chen1999,large_instance_2.json,large_solution_2.json,large,3602.08,observed,historical_collaborator_archive,900,runtime > 300s -> 900s,900,True
test,chen1999,large_instance_4.json,large_solution_4.json,large,67.95,observed,historical_collaborator_archive,300,runtime <= 120s -> 300s,900,True
test,chen1999,large_instance_5.json,large_solution_5.json,large,161.55,observed,historical_collaborator_archive,600,runtime <= 300s -> 600s,900,True
test,cherkesly2015,large_instance_1.json,large_solution_1.json,large,176.33630600292236,observed,current_rerun_20260831,600,runtime <= 300s -> 600s,900,True
test,cherkesly2015,large_instance_2.json,large_solution_2.json,large,396.7764288019389,observed,current_rerun_20260831,900,runtime > 300s -> 900s,900,True
test,cherkesly2015,large_instance_3.json,large_solution_3.json,large,221.68683263100684,observed,current_rerun_20260831,600,runtime <= 300s -> 600s,900,True
test,cherkesly2015,large_instance_5.json,large_solution_5.json,large,306.7903892667964,observed,current_rerun_20260831,900,runtime > 300s -> 900s,900,True
test,colombi2017,large_instance_1.json,large_solution_1.json,large,3600.3,observed,historical_collaborator_archive,900,runtime > 300s -> 900s,900,True
test,colombi2017,large_instance_2.json,large_solution_2.json,large,3600.49,observed,historical_collaborator_archive,900,runtime > 300s -> 900s,900,True
test,colombi2017,large_instance_4.json,large_solution_4.json,large,3600.25,observed,historical_collaborator_archive,900,runtime > 300s -> 900s,900,True
test,colombi2017,large_instance_5.json,large_solution_5.json,large,0.68,observed,historical_collaborator_archive,60,runtime <= 5s -> 60s,900,True
test,contreras2011,large_instance_1.json,large_solution_1.json,large,473.24,observed,historical_collaborator_archive,900,runtime > 300s -> 900s,900,True
test,contreras2011,large_instance_2.json,large_solution_2.json,large,691.65,observed,historical_collaborator_archive,900,runtime > 300s -> 900s,900,True
test,contreras2011,large_instance_3.json,large_solution_3.json,large,652.24,observed,historical_collaborator_archive,900,runtime > 300s -> 900s,900,True
test,contreras2011,large_instance_5.json,large_solution_5.json,large,363.17,observed,historical_collaborator_archive,900,runtime > 300s -> 900s,900,True
test,cordeau2006,large_instance_1.json,large_solution_1.json,large,3600.99,observed,historical_collaborator_archive,900,runtime > 300s -> 900s,900,True
test,cordeau2006,large_instance_3.json,large_solution_3.json,large,2.5,observed,historical_collaborator_archive,60,runtime <= 5s -> 60s,900,True
test,cordeau2006,large_instance_4.json,large_solution_4.json,large,3600.93,observed,historical_collaborator_archive,900,runtime > 300s -> 900s,900,True
test,cordeau2006,large_instance_5.json,large_solution_5.json,large,2956.44,observed,historical_collaborator_archive,900,runtime > 300s -> 900s,900,True
test,cordeau2014,large_instance_1.json,large_solution_1.json,large,3601.058548987843,observed,current_rerun_20260831,900,runtime > 300s -> 900s,900,True
test,cordeau2014,large_instance_2.json,large_solution_2.json,large,3601.495787275955,observed,current_rerun_20260831,900,runtime > 300s -> 900s,900,True
test,cordeau2014,large_instance_3.json,large_solution_3.json,large,3602.6305090747774,observed,current_rerun_20260831,900,runtime > 300s -> 900s,900,True
test,cordeau2014,large_instance_5.json,large_solution_5.json,large,3604.126194632612,observed,current_rerun_20260831,900,runtime > 300s -> 900s,900,True
test,cordeau2019,large_instance_2.json,large_solution_2.json,large,228.46,observed,historical_collaborator_archive,600,runtime <= 300s -> 600s,900,True
test,cordeau2019,large_instance_3.json,large_solution_3.json,large,294.39,observed,historical_collaborator_archive,600,runtime <= 300s -> 600s,900,True
test,cordeau2019,large_instance_4.json,large_solution_4.json,large,309.7,observed,historical_collaborator_archive,900,runtime > 300s -> 900s,900,True
test,cordeau2019,large_instance_5.json,large_solution_5.json,large,193.28,observed,historical_collaborator_archive,600,runtime <= 300s -> 600s,900,True
test,cote2018,large_instance_1.json,large_solution_1.json,large,1509.23,observed,historical_collaborator_archive,900,runtime > 300s -> 900s,900,True
test,cote2018,large_instance_2.json,large_solution_2.json,large,28.44,observed,historical_collaborator_archive,120,runtime <= 30s -> 120s,900,True
test,cote2018,large_instance_3.json,large_solution_3.json,large,1.74,observed,historical_collaborator_archive,60,runtime <= 5s -> 60s,900,True
test,cote2018,large_instance_4.json,large_solution_4.json,large,0.39,observed,historical_collaborator_archive,60,runtime <= 5s -> 60s,900,True
test,cote2019,large_instance_1.json,large_solution_1.json,large,596.57,observed,historical_collaborator_archive,900,runtime > 300s -> 900s,900,True
test,cote2019,large_instance_2.json,large_solution_2.json,large,60.72,observed,historical_collaborator_archive,300,runtime <= 120s -> 300s,900,True
test,cote2019,large_instance_3.json,large_solution_3.json,large,280.86,observed,historical_collaborator_archive,600,runtime <= 300s -> 600s,900,True
test,cote2019,large_instance_4.json,large_solution_4.json,large,60.61,observed,historical_collaborator_archive,300,runtime <= 120s -> 300s,900,True
test,cunha2021,large_instance_1.json,large_solution_1.json,large,3600.35,observed,historical_collaborator_archive,900,runtime > 300s -> 900s,900,True
test,cunha2021,large_instance_2.json,large_solution_2.json,large,3600.37,observed,historical_collaborator_archive,900,runtime > 300s -> 900s,900,True
test,cunha2021,large_instance_4.json,large_solution_4.json,large,3600.48,observed,historical_collaborator_archive,900,runtime > 300s -> 900s,900,True
test,cunha2021,large_instance_5.json,large_solution_5.json,large,3600.56,observed,historical_collaborator_archive,900,runtime > 300s -> 900s,900,True
test,damcikurt2016,large_instance_1.json,large_solution_1.json,large,3637.3567039603367,observed,current_rerun_20260831,900,runtime > 300s -> 900s,900,True
test,damcikurt2016,large_instance_3.json,large_solution_3.json,large,581.9460930833593,observed,current_rerun_20260831,900,runtime > 300s -> 900s,900,True
test,damcikurt2016,large_instance_4.json,large_solution_4.json,large,3599.6789777847007,observed,current_rerun_20260831,900,runtime > 300s -> 900s,900,True
test,damcikurt2016,large_instance_5.json,large_solution_5.json,large,711.8520491523668,observed,current_rerun_20260831,900,runtime > 300s -> 900s,900,True
test,dayarian2019,large_instance_1.json,large_solution_1.json,large,3600.8900385014713,observed,current_rerun_20260831,900,runtime > 300s -> 900s,900,True
test,dayarian2019,large_instance_3.json,large_solution_3.json,large,3600.814612054266,observed,current_rerun_20260831,900,runtime > 300s -> 900s,900,True
test,dayarian2019,large_instance_4.json,large_solution_4.json,large,3600.7734170220792,observed,current_rerun_20260831,900,runtime > 300s -> 900s,900,True
test,dayarian2019,large_instance_5.json,large_solution_5.json,large,3600.7936767823994,observed,current_rerun_20260831,900,runtime > 300s -> 900s,900,True
test,degraeve2007,large_instance_1.json,large_solution_1.json,large,3601.02,observed,historical_collaborator_archive,900,runtime > 300s -> 900s,900,True
test,degraeve2007,large_instance_2.json,large_solution_2.json,large,5.36,observed,historical_collaborator_archive,120,runtime <= 30s -> 120s,900,True
test,degraeve2007,large_instance_4.json,large_solution_4.json,large,3601.09,observed,historical_collaborator_archive,900,runtime > 300s -> 900s,900,True
test,degraeve2007,large_instance_5.json,large_solution_5.json,large,6.39,observed,historical_collaborator_archive,120,runtime <= 30s -> 120s,900,True
test,delage2022,large_instance_2.json,large_solution_2.json,large,3600.0,observed,historical_collaborator_archive,900,runtime > 300s -> 900s,900,True
test,delage2022,large_instance_3.json,large_solution_3.json,large,3600.29,observed,historical_collaborator_archive,900,runtime > 300s -> 900s,900,True
test,delage2022,large_instance_4.json,large_solution_4.json,large,3600.38,observed,historical_collaborator_archive,900,runtime > 300s -> 900s,900,True
test,delage2022,large_instance_5.json,large_solution_5.json,large,3601.53,observed,historical_collaborator_archive,900,runtime > 300s -> 900s,900,True
test,delorme2020,large_instance_2.json,large_solution_2.json,large,102.43,observed,historical_collaborator_archive,300,runtime <= 120s -> 300s,900,True
test,delorme2020,large_instance_3.json,large_solution_3.json,large,304.73,observed,historical_collaborator_archive,900,runtime > 300s -> 900s,900,True
test,delorme2020,large_instance_4.json,large_solution_4.json,large,1901.23,observed,historical_collaborator_archive,900,runtime > 300s -> 900s,900,True
test,delorme2020,large_instance_5.json,large_solution_5.json,large,1076.48,observed,historical_collaborator_archive,900,runtime > 300s -> 900s,900,True
test,desaulniers2010,large_instance_1.json,large_solution_1.json,large,3602.56,observed,historical_collaborator_archive,900,runtime > 300s -> 900s,900,True
test,desaulniers2010,large_instance_3.json,large_solution_3.json,large,3603.87,observed,historical_collaborator_archive,900,runtime > 300s -> 900s,900,True
test,desaulniers2010,large_instance_4.json,large_solution_4.json,large,3628.21,observed,historical_collaborator_archive,900,runtime > 300s -> 900s,900,True
test,desaulniers2010,large_instance_5.json,large_solution_5.json,large,3612.23,observed,historical_collaborator_archive,900,runtime > 300s -> 900s,900,True
test,desaulniers2014,large_instance_1.json,large_solution_1.json,large,3600.28,observed,historical_collaborator_archive,900,runtime > 300s -> 900s,900,True
test,desaulniers2014,large_instance_2.json,large_solution_2.json,large,3600.27,observed,historical_collaborator_archive,900,runtime > 300s -> 900s,900,True
test,desaulniers2014,large_instance_3.json,large_solution_3.json,large,3600.31,observed,historical_collaborator_archive,900,runtime > 300s -> 900s,900,True
test,desaulniers2014,large_instance_4.json,large_solution_4.json,large,3600.36,observed,historical_collaborator_archive,900,runtime > 300s -> 900s,900,True
test,desaulniers2016,large_instance_1.json,large_solution_1.json,large,3600.79,observed,historical_collaborator_archive,900,runtime > 300s -> 900s,900,True
test,desaulniers2016,large_instance_2.json,large_solution_2.json,large,3600.81,observed,historical_collaborator_archive,900,runtime > 300s -> 900s,900,True
test,desaulniers2016,large_instance_4.json,large_solution_4.json,large,3601.31,observed,historical_collaborator_archive,900,runtime > 300s -> 900s,900,True
test,desaulniers2016,large_instance_5.json,large_solution_5.json,large,3601.44,observed,historical_collaborator_archive,900,runtime > 300s -> 900s,900,True
test,dienstknecht2024,large_instance_1.json,large_solution_1.json,large,6.13,observed,historical_collaborator_archive,120,runtime <= 30s -> 120s,900,True
test,dienstknecht2024,large_instance_2.json,large_solution_2.json,large,699.63,observed,historical_collaborator_archive,900,runtime > 300s -> 900s,900,True
test,dienstknecht2024,large_instance_3.json,large_solution_3.json,large,2.53,observed,historical_collaborator_archive,60,runtime <= 5s -> 60s,900,True
test,dienstknecht2024,large_instance_5.json,large_solution_5.json,large,0.7,observed,historical_collaborator_archive,60,runtime <= 5s -> 60s,900,True
test,earl2005,large_instance_1.json,large_solution_1.json,large,176.5,observed,historical_collaborator_archive,600,runtime <= 300s -> 600s,900,True
test,earl2005,large_instance_2.json,large_solution_2.json,large,113.32,observed,historical_collaborator_archive,300,runtime <= 120s -> 300s,900,True
test,earl2005,large_instance_4.json,large_solution_4.json,large,55.07,observed,historical_collaborator_archive,300,runtime <= 120s -> 300s,900,True
test,earl2005,large_instance_5.json,large_solution_5.json,large,166.57,observed,historical_collaborator_archive,600,runtime <= 300s -> 600s,900,True
test,eiselt2009,large_instance_1.json,large_solution_1.json,large,3609.97,observed,historical_collaborator_archive,900,runtime > 300s -> 900s,900,True
test,eiselt2009,large_instance_2.json,large_solution_2.json,large,3611.1,observed,historical_collaborator_archive,900,runtime > 300s -> 900s,900,True
test,eiselt2009,large_instance_4.json,large_solution_4.json,large,3608.67,observed,historical_collaborator_archive,900,runtime > 300s -> 900s,900,True
test,eiselt2009,large_instance_5.json,large_solution_5.json,large,3607.21,observed,historical_collaborator_archive,900,runtime > 300s -> 900s,900,True
test,elci2022,large_instance_1.json,large_solution_1.json,large,2848.13,observed,historical_collaborator_archive,900,runtime > 300s -> 900s,900,True
test,elci2022,large_instance_3.json,large_solution_3.json,large,2583.38,observed,historical_collaborator_archive,900,runtime > 300s -> 900s,900,True
test,elci2022,large_instance_4.json,large_solution_4.json,large,1875.65,observed,historical_collaborator_archive,900,runtime > 300s -> 900s,900,True
test,elci2022,large_instance_5.json,large_solution_5.json,large,1186.85,observed,historical_collaborator_archive,900,runtime > 300s -> 900s,900,True
test,engineer2012,large_instance_2.json,large_solution_2.json,large,3600.47,observed,historical_collaborator_archive,900,runtime > 300s -> 900s,900,True
test,engineer2012,large_instance_3.json,large_solution_3.json,large,3600.42,observed,historical_collaborator_archive,900,runtime > 300s -> 900s,900,True
test,engineer2012,large_instance_4.json,large_solution_4.json,large,319.62,observed,historical_collaborator_archive,900,runtime > 300s -> 900s,900,True
test,engineer2012,large_instance_5.json,large_solution_5.json,large,357.55,observed,historical_collaborator_archive,900,runtime > 300s -> 900s,900,True
test,fischetti1997,large_instance_2.json,large_solution_2.json,large,3603.23,observed,historical_collaborator_archive,900,runtime > 300s -> 900s,900,True
test,fischetti1997,large_instance_3.json,large_solution_3.json,large,3602.41,observed,historical_collaborator_archive,900,runtime > 300s -> 900s,900,True
test,fischetti1997,large_instance_4.json,large_solution_4.json,large,3603.18,observed,historical_collaborator_archive,900,runtime > 300s -> 900s,900,True
test,fischetti1997,large_instance_5.json,large_solution_5.json,large,46.37,observed,historical_collaborator_archive,300,runtime <= 120s -> 300s,900,True
test,fischetti1998,large_instance_1.json,large_solution_1.json,large,44.41,observed,historical_collaborator_archive,300,runtime <= 120s -> 300s,900,True
test,fischetti1998,large_instance_3.json,large_solution_3.json,large,229.83,observed,historical_collaborator_archive,600,runtime <= 300s -> 600s,900,True
test,fischetti1998,large_instance_4.json,large_solution_4.json,large,27.78,observed,historical_collaborator_archive,120,runtime <= 30s -> 120s,900,True
test,fischetti1998,large_instance_5.json,large_solution_5.json,large,137.14,observed,historical_collaborator_archive,600,runtime <= 300s -> 600s,900,True
test,fischetti2017,large_instance_1.json,large_solution_1.json,large,3613.41,observed,historical_collaborator_archive,900,runtime > 300s -> 900s,900,True
test,fischetti2017,large_instance_2.json,large_solution_2.json,large,3613.84,observed,historical_collaborator_archive,900,runtime > 300s -> 900s,900,True
test,fischetti2017,large_instance_3.json,large_solution_3.json,large,114.92,observed,historical_collaborator_archive,300,runtime <= 120s -> 300s,900,True
test,fischetti2017,large_instance_4.json,large_solution_4.json,large,2318.21,observed,historical_collaborator_archive,900,runtime > 300s -> 900s,900,True
test,fleszar2022b,large_instance_1.json,large_solution_1.json,large,3600.32,observed,historical_collaborator_archive,900,runtime > 300s -> 900s,900,True
test,fleszar2022b,large_instance_3.json,large_solution_3.json,large,3600.18,observed,historical_collaborator_archive,900,runtime > 300s -> 900s,900,True
test,fleszar2022b,large_instance_4.json,large_solution_4.json,large,3600.22,observed,historical_collaborator_archive,900,runtime > 300s -> 900s,900,True
test,fleszar2022b,large_instance_5.json,large_solution_5.json,large,3602.28,observed,historical_collaborator_archive,900,runtime > 300s -> 900s,900,True
test,forrest2006,large_instance_1.json,large_solution_1.json,large,106.88,observed,historical_collaborator_archive,300,runtime <= 120s -> 300s,900,True
test,forrest2006,large_instance_2.json,large_solution_2.json,large,383.62,observed,historical_collaborator_archive,900,runtime > 300s -> 900s,900,True
test,forrest2006,large_instance_3.json,large_solution_3.json,large,366.22,observed,historical_collaborator_archive,900,runtime > 300s -> 900s,900,True
test,forrest2006,large_instance_4.json,large_solution_4.json,large,257.64,observed,historical_collaborator_archive,600,runtime <= 300s -> 600s,900,True
test,fragkos2016,large_instance_1.json,large_solution_1.json,large,3600.39,observed,historical_collaborator_archive,900,runtime > 300s -> 900s,900,True
test,fragkos2016,large_instance_2.json,large_solution_2.json,large,3600.46,observed,historical_collaborator_archive,900,runtime > 300s -> 900s,900,True
test,fragkos2016,large_instance_4.json,large_solution_4.json,large,3600.28,observed,historical_collaborator_archive,900,runtime > 300s -> 900s,900,True
test,fragkos2016,large_instance_5.json,large_solution_5.json,large,3600.51,observed,historical_collaborator_archive,900,runtime > 300s -> 900s,900,True
test,fragkos2021,large_instance_1.json,large_solution_1.json,large,3600.0,observed,historical_collaborator_archive,900,runtime > 300s -> 900s,900,True
test,fragkos2021,large_instance_2.json,large_solution_2.json,large,3600.0,observed,historical_collaborator_archive,900,runtime > 300s -> 900s,900,True
test,fragkos2021,large_instance_4.json,large_solution_4.json,large,3600.0,observed,historical_collaborator_archive,900,runtime > 300s -> 900s,900,True
test,fragkos2021,large_instance_5.json,large_solution_5.json,large,3600.0,observed,historical_collaborator_archive,900,runtime > 300s -> 900s,900,True
test,freeman2018,large_instance_1.json,large_solution_1.json,large,115.06,observed,historical_collaborator_archive,300,runtime <= 120s -> 300s,900,True
test,freeman2018,large_instance_3.json,large_solution_3.json,large,85.45,observed,historical_collaborator_archive,300,runtime <= 120s -> 300s,900,True
test,freeman2018,large_instance_4.json,large_solution_4.json,large,86.05,observed,historical_collaborator_archive,300,runtime <= 120s -> 300s,900,True
test,freeman2018,large_instance_5.json,large_solution_5.json,large,239.75,observed,historical_collaborator_archive,600,runtime <= 300s -> 600s,900,True
test,freling2003,large_instance_2.json,large_solution_2.json,large,2.48,observed,historical_collaborator_archive,60,runtime <= 5s -> 60s,900,True
test,freling2003,large_instance_3.json,large_solution_3.json,large,716.28,observed,historical_collaborator_archive,900,runtime > 300s -> 900s,900,True
test,freling2003,large_instance_4.json,large_solution_4.json,large,38.05,observed,historical_collaborator_archive,300,runtime <= 120s -> 300s,900,True
test,freling2003,large_instance_5.json,large_solution_5.json,large,121.2,observed,historical_collaborator_archive,600,runtime <= 300s -> 600s,900,True
test,frey2017,large_instance_1.json,large_solution_1.json,large,286.75,observed,historical_collaborator_archive,600,runtime <= 300s -> 600s,900,True
test,frey2017,large_instance_2.json,large_solution_2.json,large,44.98,observed,historical_collaborator_archive,300,runtime <= 120s -> 300s,900,True
test,frey2017,large_instance_3.json,large_solution_3.json,large,34.84,observed,historical_collaborator_archive,300,runtime <= 120s -> 300s,900,True
test,frey2017,large_instance_5.json,large_solution_5.json,large,294.29,observed,historical_collaborator_archive,600,runtime <= 300s -> 600s,900,True
test,furini2016,large_instance_2.json,large_solution_2.json,large,3625.87,observed,historical_collaborator_archive,900,runtime > 300s -> 900s,900,True
test,furini2016,large_instance_3.json,large_solution_3.json,large,3621.31,observed,historical_collaborator_archive,900,runtime > 300s -> 900s,900,True
test,furini2016,large_instance_4.json,large_solution_4.json,large,3623.41,observed,historical_collaborator_archive,900,runtime > 300s -> 900s,900,True
test,furini2016,large_instance_5.json,large_solution_5.json,large,3622.29,observed,historical_collaborator_archive,900,runtime > 300s -> 900s,900,True
test,furini2017,large_instance_1.json,large_solution_1.json,large,1.12,observed,historical_collaborator_archive,60,runtime <= 5s -> 60s,900,True
test,furini2017,large_instance_2.json,large_solution_2.json,large,41.84,observed,historical_collaborator_archive,300,runtime <= 120s -> 300s,900,True
test,furini2017,large_instance_4.json,large_solution_4.json,large,381.42,observed,historical_collaborator_archive,900,runtime > 300s -> 900s,900,True
test,furini2017,large_instance_5.json,large_solution_5.json,large,289.72,observed,historical_collaborator_archive,600,runtime <= 300s -> 600s,900,True
test,furini2019,large_instance_1.json,large_solution_1.json,large,3602.65,observed,historical_collaborator_archive,900,runtime > 300s -> 900s,900,True
test,furini2019,large_instance_3.json,large_solution_3.json,large,3605.95,observed,historical_collaborator_archive,900,runtime > 300s -> 900s,900,True
test,furini2019,large_instance_4.json,large_solution_4.json,large,19.99,observed,historical_collaborator_archive,120,runtime <= 30s -> 120s,900,True
test,furini2019,large_instance_5.json,large_solution_5.json,large,3605.88,observed,historical_collaborator_archive,900,runtime > 300s -> 900s,900,True
test,furini2021,large_instance_2.json,large_solution_2.json,large,3600.27,observed,historical_collaborator_archive,900,runtime > 300s -> 900s,900,True
test,furini2021,large_instance_3.json,large_solution_3.json,large,3600.2,observed,historical_collaborator_archive,900,runtime > 300s -> 900s,900,True
test,furini2021,large_instance_4.json,large_solution_4.json,large,3600.17,observed,historical_collaborator_archive,900,runtime > 300s -> 900s,900,True
test,furini2021,large_instance_5.json,large_solution_5.json,large,3600.17,observed,historical_collaborator_archive,900,runtime > 300s -> 900s,900,True
test,gamache1999,large_instance_2.json,large_solution_2.json,large,226.37,observed,historical_collaborator_archive,600,runtime <= 300s -> 600s,900,True
test,gamache1999,large_instance_3.json,large_solution_3.json,large,127.78,observed,historical_collaborator_archive,600,runtime <= 300s -> 600s,900,True
test,gamache1999,large_instance_4.json,large_solution_4.json,large,71.72,observed,historical_collaborator_archive,300,runtime <= 120s -> 300s,900,True
test,gamache1999,large_instance_5.json,large_solution_5.json,large,37.29,observed,historical_collaborator_archive,300,runtime <= 120s -> 300s,900,True
test,gangammanavar2020,large_instance_1.json,large_solution_1.json,large,159.73,observed,historical_collaborator_archive,600,runtime <= 300s -> 600s,900,True
test,gangammanavar2020,large_instance_2.json,large_solution_2.json,large,87.14,observed,historical_collaborator_archive,300,runtime <= 120s -> 300s,900,True
test,gangammanavar2020,large_instance_3.json,large_solution_3.json,large,278.15,observed,historical_collaborator_archive,600,runtime <= 300s -> 600s,900,True
test,gangammanavar2020,large_instance_4.json,large_solution_4.json,large,111.64,observed,historical_collaborator_archive,300,runtime <= 120s -> 300s,900,True
test,garcia2011,large_instance_1.json,large_solution_1.json,large,84.62,observed,historical_collaborator_archive,300,runtime <= 120s -> 300s,900,True
test,garcia2011,large_instance_2.json,large_solution_2.json,large,88.59,observed,historical_collaborator_archive,300,runtime <= 120s -> 300s,900,True
test,garcia2011,large_instance_3.json,large_solution_3.json,large,26.41,observed,historical_collaborator_archive,120,runtime <= 30s -> 120s,900,True
test,garcia2011,large_instance_4.json,large_solution_4.json,large,76.28,observed,historical_collaborator_archive,300,runtime <= 120s -> 300s,900,True
test,gruson2021,large_instance_2.json,large_solution_2.json,large,1804.13,observed,historical_collaborator_archive,900,runtime > 300s -> 900s,900,True
test,gruson2021,large_instance_3.json,large_solution_3.json,large,288.34,observed,historical_collaborator_archive,600,runtime <= 300s -> 600s,900,True
test,gruson2021,large_instance_4.json,large_solution_4.json,large,1498.53,observed,historical_collaborator_archive,900,runtime > 300s -> 900s,900,True
test,gruson2021,large_instance_5.json,large_solution_5.json,large,22.83,observed,historical_collaborator_archive,120,runtime <= 30s -> 120s,900,True
test,gschwind2021,large_instance_2.json,large_solution_2.json,large,251.14115837123245,observed,current_rerun_20260831,600,runtime <= 300s -> 600s,900,True
test,gschwind2021,large_instance_3.json,large_solution_3.json,large,3638.321950645186,observed,current_rerun_20260831,900,runtime > 300s -> 900s,900,True
test,gschwind2021,large_instance_4.json,large_solution_4.json,large,3624.1443150090054,observed,current_rerun_20260831,900,runtime > 300s -> 900s,900,True
test,gschwind2021,large_instance_5.json,large_solution_5.json,large,3618.1789221661165,observed,current_rerun_20260831,900,runtime > 300s -> 900s,900,True
test,gualandi2012,large_instance_1.json,large_solution_1.json,large,3606.01,observed,historical_collaborator_archive,900,runtime > 300s -> 900s,900,True
test,gualandi2012,large_instance_2.json,large_solution_2.json,large,3604.78,observed,historical_collaborator_archive,900,runtime > 300s -> 900s,900,True
test,gualandi2012,large_instance_3.json,large_solution_3.json,large,8.27,observed,historical_collaborator_archive,120,runtime <= 30s -> 120s,900,True
test,gualandi2012,large_instance_4.json,large_solution_4.json,large,10.59,observed,historical_collaborator_archive,120,runtime <= 30s -> 120s,900,True
test,guo2021,large_instance_1.json,large_solution_1.json,large,3608.33,observed,historical_collaborator_archive,900,runtime > 300s -> 900s,900,True
test,guo2021,large_instance_2.json,large_solution_2.json,large,3610.43,observed,historical_collaborator_archive,900,runtime > 300s -> 900s,900,True
test,guo2021,large_instance_4.json,large_solution_4.json,large,3607.78,observed,historical_collaborator_archive,900,runtime > 300s -> 900s,900,True
test,guo2021,large_instance_5.json,large_solution_5.json,large,3607.73,observed,historical_collaborator_archive,900,runtime > 300s -> 900s,900,True
test,hadjar2006,large_instance_2.json,large_solution_2.json,large,3606.083793767728,observed,current_rerun_20260831,900,runtime > 300s -> 900s,900,True
test,hadjar2006,large_instance_3.json,large_solution_3.json,large,91.19418010767549,observed,current_rerun_20260831,300,runtime <= 120s -> 300s,900,True
test,hadjar2006,large_instance_4.json,large_solution_4.json,large,833.8156470609829,observed,current_rerun_20260831,900,runtime > 300s -> 900s,900,True
test,hadjar2006,large_instance_5.json,large_solution_5.json,large,110.93060369323939,observed,current_rerun_20260831,300,runtime <= 120s -> 300s,900,True
test,hassannayebi2016,large_instance_1.json,large_solution_1.json,large,3601.02,observed,historical_collaborator_archive,900,runtime > 300s -> 900s,900,True
test,hassannayebi2016,large_instance_2.json,large_solution_2.json,large,3601.11,observed,historical_collaborator_archive,900,runtime > 300s -> 900s,900,True
test,hassannayebi2016,large_instance_4.json,large_solution_4.json,large,15.77,observed,historical_collaborator_archive,120,runtime <= 30s -> 120s,900,True
test,hassannayebi2016,large_instance_5.json,large_solution_5.json,large,3600.88,observed,historical_collaborator_archive,900,runtime > 300s -> 900s,900,True
test,he2020,large_instance_1.json,large_solution_1.json,large,3600.87,observed,historical_collaborator_archive,900,runtime > 300s -> 900s,900,True
test,he2020,large_instance_2.json,large_solution_2.json,large,3603.21,observed,historical_collaborator_archive,900,runtime > 300s -> 900s,900,True
test,he2020,large_instance_4.json,large_solution_4.json,large,3625.19,observed,historical_collaborator_archive,900,runtime > 300s -> 900s,900,True
test,he2020,large_instance_5.json,large_solution_5.json,large,3624.68,observed,historical_collaborator_archive,900,runtime > 300s -> 900s,900,True
test,hewitt2024,large_instance_1.json,large_solution_1.json,large,3615.4,observed,historical_collaborator_archive,900,runtime > 300s -> 900s,900,True
test,hewitt2024,large_instance_3.json,large_solution_3.json,large,3613.44,observed,historical_collaborator_archive,900,runtime > 300s -> 900s,900,True
test,hewitt2024,large_instance_4.json,large_solution_4.json,large,3605.54,observed,historical_collaborator_archive,900,runtime > 300s -> 900s,900,True
test,hewitt2024,large_instance_5.json,large_solution_5.json,large,3605.35,observed,historical_collaborator_archive,900,runtime > 300s -> 900s,900,True
test,hoffman1993,large_instance_1.json,large_solution_1.json,large,3600.89,observed,historical_collaborator_archive,900,runtime > 300s -> 900s,900,True
test,hoffman1993,large_instance_2.json,large_solution_2.json,large,0.26,observed,historical_collaborator_archive,60,runtime <= 5s -> 60s,900,True
test,hoffman1993,large_instance_3.json,large_solution_3.json,large,3600.83,observed,historical_collaborator_archive,900,runtime > 300s -> 900s,900,True
test,hoffman1993,large_instance_5.json,large_solution_5.json,large,12.84,observed,historical_collaborator_archive,120,runtime <= 30s -> 120s,900,True
test,hosseinian2020,large_instance_1.json,large_solution_1.json,large,3601.07,observed,historical_collaborator_archive,900,runtime > 300s -> 900s,900,True
test,hosseinian2020,large_instance_3.json,large_solution_3.json,large,3601.55,observed,historical_collaborator_archive,900,runtime > 300s -> 900s,900,True
test,hosseinian2020,large_instance_4.json,large_solution_4.json,large,3601.83,observed,historical_collaborator_archive,900,runtime > 300s -> 900s,900,True
test,hosseinian2020,large_instance_5.json,large_solution_5.json,large,3601.11,observed,historical_collaborator_archive,900,runtime > 300s -> 900s,900,True
test,huisman2005,large_instance_1.json,large_solution_1.json,large,94.32,observed,historical_collaborator_archive,300,runtime <= 120s -> 300s,900,True
test,huisman2005,large_instance_3.json,large_solution_3.json,large,2904.72,observed,historical_collaborator_archive,900,runtime > 300s -> 900s,900,True
test,huisman2005,large_instance_4.json,large_solution_4.json,large,3.73,observed,historical_collaborator_archive,60,runtime <= 5s -> 60s,900,True
test,huisman2005,large_instance_5.json,large_solution_5.json,large,523.65,observed,historical_collaborator_archive,900,runtime > 300s -> 900s,900,True
test,ji2019,large_instance_2.json,large_solution_2.json,large,3600.77,observed,historical_collaborator_archive,900,runtime > 300s -> 900s,900,True
test,ji2019,large_instance_3.json,large_solution_3.json,large,3600.78,observed,historical_collaborator_archive,900,runtime > 300s -> 900s,900,True
test,ji2019,large_instance_4.json,large_solution_4.json,large,3602.31,observed,historical_collaborator_archive,900,runtime > 300s -> 900s,900,True
test,ji2019,large_instance_5.json,large_solution_5.json,large,3600.92,observed,historical_collaborator_archive,900,runtime > 300s -> 900s,900,True
test,juvin2023,large_instance_1.json,large_solution_1.json,large,78.6,observed,historical_collaborator_archive,300,runtime <= 120s -> 300s,900,True
test,juvin2023,large_instance_2.json,large_solution_2.json,large,63.75,observed,historical_collaborator_archive,300,runtime <= 120s -> 300s,900,True
test,juvin2023,large_instance_4.json,large_solution_4.json,large,8.89,observed,historical_collaborator_archive,120,runtime <= 30s -> 120s,900,True
test,juvin2023,large_instance_5.json,large_solution_5.json,large,139.98,observed,historical_collaborator_archive,600,runtime <= 300s -> 600s,900,True
test,kang2021,large_instance_1.json,large_solution_1.json,large,3600.36,observed,historical_collaborator_archive,900,runtime > 300s -> 900s,900,True
test,kang2021,large_instance_3.json,large_solution_3.json,large,1322.1,observed,historical_collaborator_archive,900,runtime > 300s -> 900s,900,True
test,kang2021,large_instance_4.json,large_solution_4.json,large,3601.12,observed,historical_collaborator_archive,900,runtime > 300s -> 900s,900,True
test,kang2021,large_instance_5.json,large_solution_5.json,large,3600.75,observed,historical_collaborator_archive,900,runtime > 300s -> 900s,900,True
test,klose2005,large_instance_2.json,large_solution_2.json,large,3615.21,observed,historical_collaborator_archive,900,runtime > 300s -> 900s,900,True
test,klose2005,large_instance_3.json,large_solution_3.json,large,198.44,observed,historical_collaborator_archive,600,runtime <= 300s -> 600s,900,True
test,klose2005,large_instance_4.json,large_solution_4.json,large,3614.89,observed,historical_collaborator_archive,900,runtime > 300s -> 900s,900,True
test,klose2005,large_instance_5.json,large_solution_5.json,large,669.75,observed,historical_collaborator_archive,900,runtime > 300s -> 900s,900,True
test,knueven2020,large_instance_1.json,large_solution_1.json,large,929.63,observed,historical_collaborator_archive,900,runtime > 300s -> 900s,900,True
test,knueven2020,large_instance_2.json,large_solution_2.json,large,1411.83,observed,historical_collaborator_archive,900,runtime > 300s -> 900s,900,True
test,knueven2020,large_instance_3.json,large_solution_3.json,large,877.94,observed,historical_collaborator_archive,900,runtime > 300s -> 900s,900,True
test,knueven2020,large_instance_5.json,large_solution_5.json,large,2394.99,observed,historical_collaborator_archive,900,runtime > 300s -> 900s,900,True
test,kobayashi2021,large_instance_1.json,large_solution_1.json,large,48.72,observed,historical_collaborator_archive,300,runtime <= 120s -> 300s,900,True
test,kobayashi2021,large_instance_3.json,large_solution_3.json,large,3602.9,observed,historical_collaborator_archive,900,runtime > 300s -> 900s,900,True
test,kobayashi2021,large_instance_4.json,large_solution_4.json,large,206.48,observed,historical_collaborator_archive,600,runtime <= 300s -> 600s,900,True
test,kobayashi2021,large_instance_5.json,large_solution_5.json,large,76.97,observed,historical_collaborator_archive,300,runtime <= 120s -> 300s,900,True
test,kobeaga2024,large_instance_1.json,large_solution_1.json,large,3610.69,observed,historical_collaborator_archive,900,runtime > 300s -> 900s,900,True
test,kobeaga2024,large_instance_2.json,large_solution_2.json,large,3603.21,observed,historical_collaborator_archive,900,runtime > 300s -> 900s,900,True
test,kobeaga2024,large_instance_3.json,large_solution_3.json,large,3400.0,observed,historical_collaborator_archive,900,runtime > 300s -> 900s,900,True
test,kobeaga2024,large_instance_5.json,large_solution_5.json,large,3604.25,observed,historical_collaborator_archive,900,runtime > 300s -> 900s,900,True
test,kowalczyk2018,large_instance_2.json,large_solution_2.json,large,93.63,observed,historical_collaborator_archive,300,runtime <= 120s -> 300s,900,True
test,kowalczyk2018,large_instance_3.json,large_solution_3.json,large,260.65,observed,historical_collaborator_archive,600,runtime <= 300s -> 600s,900,True
test,kowalczyk2018,large_instance_4.json,large_solution_4.json,large,2.4,observed,historical_collaborator_archive,60,runtime <= 5s -> 60s,900,True
test,kowalczyk2018,large_instance_5.json,large_solution_5.json,large,2.11,observed,historical_collaborator_archive,60,runtime <= 5s -> 60s,900,True
test,kowalczyk2024,large_instance_1.json,large_solution_1.json,large,141.03,observed,historical_collaborator_archive,600,runtime <= 300s -> 600s,900,True
test,kowalczyk2024,large_instance_2.json,large_solution_2.json,large,1131.84,observed,historical_collaborator_archive,900,runtime > 300s -> 900s,900,True
test,kowalczyk2024,large_instance_3.json,large_solution_3.json,large,3606.3,observed,historical_collaborator_archive,900,runtime > 300s -> 900s,900,True
test,kowalczyk2024,large_instance_5.json,large_solution_5.json,large,146.2,observed,historical_collaborator_archive,600,runtime <= 300s -> 600s,900,True
test,kress2019,large_instance_1.json,large_solution_1.json,large,3612.4368607169017,observed,current_rerun_20260831,900,runtime > 300s -> 900s,900,True
test,kress2019,large_instance_3.json,large_solution_3.json,large,1073.0033598337322,observed,current_rerun_20260831,900,runtime > 300s -> 900s,900,True
test,kress2019,large_instance_4.json,large_solution_4.json,large,3610.3194708349183,observed,current_rerun_20260831,900,runtime > 300s -> 900s,900,True
test,kress2019,large_instance_5.json,large_solution_5.json,large,3531.8211078401655,observed,current_rerun_20260831,900,runtime > 300s -> 900s,900,True
test,kreter2018,large_instance_1.json,large_solution_1.json,large,3605.85,observed,historical_collaborator_archive,900,runtime > 300s -> 900s,900,True
test,kreter2018,large_instance_3.json,large_solution_3.json,large,3616.03,observed,historical_collaborator_archive,900,runtime > 300s -> 900s,900,True
test,kreter2018,large_instance_4.json,large_solution_4.json,large,3608.14,observed,historical_collaborator_archive,900,runtime > 300s -> 900s,900,True
test,kreter2018,large_instance_5.json,large_solution_5.json,large,3616.56,observed,historical_collaborator_archive,900,runtime > 300s -> 900s,900,True
test,lai2021,large_instance_1.json,large_solution_1.json,large,3616.56,observed,historical_collaborator_archive,900,runtime > 300s -> 900s,900,True
test,lai2021,large_instance_2.json,large_solution_2.json,large,3616.7,observed,historical_collaborator_archive,900,runtime > 300s -> 900s,900,True
test,lai2021,large_instance_3.json,large_solution_3.json,large,3616.34,observed,historical_collaborator_archive,900,runtime > 300s -> 900s,900,True
test,lai2021,large_instance_5.json,large_solution_5.json,large,3616.41,observed,historical_collaborator_archive,900,runtime > 300s -> 900s,900,True
test,laporte2003,large_instance_1.json,large_solution_1.json,large,3601.1,observed,historical_collaborator_archive,900,runtime > 300s -> 900s,900,True
test,laporte2003,large_instance_2.json,large_solution_2.json,large,8.21,observed,historical_collaborator_archive,120,runtime <= 30s -> 120s,900,True
test,laporte2003,large_instance_4.json,large_solution_4.json,large,3601.46,observed,historical_collaborator_archive,900,runtime > 300s -> 900s,900,True
test,laporte2003,large_instance_5.json,large_solution_5.json,large,4.92,observed,historical_collaborator_archive,60,runtime <= 5s -> 60s,900,True
test,lee1996,large_instance_2.json,large_solution_2.json,large,1493.67,observed,historical_collaborator_archive,900,runtime > 300s -> 900s,900,True
test,lee1996,large_instance_3.json,large_solution_3.json,large,15.69,observed,historical_collaborator_archive,120,runtime <= 30s -> 120s,900,True
test,lee1996,large_instance_4.json,large_solution_4.json,large,6.85,observed,historical_collaborator_archive,120,runtime <= 30s -> 120s,900,True
test,lee1996,large_instance_5.json,large_solution_5.json,large,5.2,observed,historical_collaborator_archive,120,runtime <= 30s -> 120s,900,True
test,legrain2020,large_instance_2.json,large_solution_2.json,large,3602.49,observed,historical_collaborator_archive,900,runtime > 300s -> 900s,900,True
test,legrain2020,large_instance_3.json,large_solution_3.json,large,3602.32,observed,historical_collaborator_archive,900,runtime > 300s -> 900s,900,True
test,legrain2020,large_instance_4.json,large_solution_4.json,large,3602.62,observed,historical_collaborator_archive,900,runtime > 300s -> 900s,900,True
test,legrain2020,large_instance_5.json,large_solution_5.json,large,3602.35,observed,historical_collaborator_archive,900,runtime > 300s -> 900s,900,True
test,legrain2024,large_instance_1.json,large_solution_1.json,large,3601.5634279157966,observed,current_rerun_20260831,900,runtime > 300s -> 900s,900,True
test,legrain2024,large_instance_2.json,large_solution_2.json,large,3602.066633526236,observed,current_rerun_20260831,900,runtime > 300s -> 900s,900,True
test,legrain2024,large_instance_3.json,large_solution_3.json,large,20.05134064797312,observed,current_rerun_20260831,120,runtime <= 30s -> 120s,900,True
test,legrain2024,large_instance_4.json,large_solution_4.json,large,154.8434176677838,observed,current_rerun_20260831,600,runtime <= 300s -> 600s,900,True
test,letelier2022,large_instance_1.json,large_solution_1.json,large,3601.7,observed,historical_collaborator_archive,900,runtime > 300s -> 900s,900,True
test,letelier2022,large_instance_2.json,large_solution_2.json,large,3604.07,observed,historical_collaborator_archive,900,runtime > 300s -> 900s,900,True
test,letelier2022,large_instance_4.json,large_solution_4.json,large,195.86,observed,historical_collaborator_archive,600,runtime <= 300s -> 600s,900,True
test,letelier2022,large_instance_5.json,large_solution_5.json,large,3603.06,observed,historical_collaborator_archive,900,runtime > 300s -> 900s,900,True
test,levin2017,large_instance_1.json,large_solution_1.json,large,181.21,observed,historical_collaborator_archive,600,runtime <= 300s -> 600s,900,True
test,levin2017,large_instance_2.json,large_solution_2.json,large,190.04,observed,historical_collaborator_archive,600,runtime <= 300s -> 600s,900,True
test,levin2017,large_instance_4.json,large_solution_4.json,large,138.75,observed,historical_collaborator_archive,600,runtime <= 300s -> 600s,900,True
test,levin2017,large_instance_5.json,large_solution_5.json,large,138.23,observed,historical_collaborator_archive,600,runtime <= 300s -> 600s,900,True
test,li2020,large_instance_2.json,large_solution_2.json,large,3600.41,observed,historical_collaborator_archive,900,runtime > 300s -> 900s,900,True
test,li2020,large_instance_3.json,large_solution_3.json,large,3600.26,observed,historical_collaborator_archive,900,runtime > 300s -> 900s,900,True
test,li2020,large_instance_4.json,large_solution_4.json,large,3600.65,observed,historical_collaborator_archive,900,runtime > 300s -> 900s,900,True
test,li2020,large_instance_5.json,large_solution_5.json,large,5.77,observed,historical_collaborator_archive,120,runtime <= 30s -> 120s,900,True
test,liao2020,large_instance_1.json,large_solution_1.json,large,2592.4579723719507,observed,current_rerun_20260831,900,runtime > 300s -> 900s,900,True
test,liao2020,large_instance_2.json,large_solution_2.json,large,474.36255008913577,observed,current_rerun_20260831,900,runtime > 300s -> 900s,900,True
test,liao2020,large_instance_4.json,large_solution_4.json,large,2217.2027039770037,observed,current_rerun_20260831,900,runtime > 300s -> 900s,900,True
test,liao2020,large_instance_5.json,large_solution_5.json,large,1295.2951400289312,observed,current_rerun_20260831,900,runtime > 300s -> 900s,900,True
test,lozano2017,large_instance_1.json,large_solution_1.json,large,575.9582703206688,observed,current_rerun_20260831,900,runtime > 300s -> 900s,900,True
test,lozano2017,large_instance_3.json,large_solution_3.json,large,221.7686190456152,observed,current_rerun_20260831,600,runtime <= 300s -> 600s,900,True
test,lozano2017,large_instance_4.json,large_solution_4.json,large,497.31021342240274,observed,current_rerun_20260831,900,runtime > 300s -> 900s,900,True
test,lozano2017,large_instance_5.json,large_solution_5.json,large,570.5879238741472,observed,current_rerun_20260831,900,runtime > 300s -> 900s,900,True
test,luo2017,large_instance_1.json,large_solution_1.json,large,3617.51,observed,historical_collaborator_archive,900,runtime > 300s -> 900s,900,True
test,luo2017,large_instance_2.json,large_solution_2.json,large,810.53,observed,historical_collaborator_archive,900,runtime > 300s -> 900s,900,True
test,luo2017,large_instance_3.json,large_solution_3.json,large,3601.8,observed,historical_collaborator_archive,900,runtime > 300s -> 900s,900,True
test,luo2017,large_instance_4.json,large_solution_4.json,large,141.65,observed,historical_collaborator_archive,600,runtime <= 300s -> 600s,900,True
test,mansini2020,large_instance_1.json,large_solution_1.json,large,672.97,observed,historical_collaborator_archive,900,runtime > 300s -> 900s,900,True
test,mansini2020,large_instance_2.json,large_solution_2.json,large,217.25,observed,historical_collaborator_archive,600,runtime <= 300s -> 600s,900,True
test,mansini2020,large_instance_4.json,large_solution_4.json,large,103.83,observed,historical_collaborator_archive,300,runtime <= 120s -> 300s,900,True
test,mansini2020,large_instance_5.json,large_solution_5.json,large,119.38,observed,historical_collaborator_archive,300,runtime <= 120s -> 300s,900,True
test,martello1999,large_instance_2.json,large_solution_2.json,large,1230.79,observed,historical_collaborator_archive,900,runtime > 300s -> 900s,900,True
test,martello1999,large_instance_3.json,large_solution_3.json,large,2280.01,observed,historical_collaborator_archive,900,runtime > 300s -> 900s,900,True
test,martello1999,large_instance_4.json,large_solution_4.json,large,63.87,observed,historical_collaborator_archive,300,runtime <= 120s -> 300s,900,True
test,martello1999,large_instance_5.json,large_solution_5.json,large,60.67,observed,historical_collaborator_archive,300,runtime <= 120s -> 300s,900,True
test,martin-iradi2024,large_instance_1.json,large_solution_1.json,large,3601.9,observed,historical_collaborator_archive,900,runtime > 300s -> 900s,900,True
test,martin-iradi2024,large_instance_2.json,large_solution_2.json,large,3601.75,observed,historical_collaborator_archive,900,runtime > 300s -> 900s,900,True
test,martin-iradi2024,large_instance_4.json,large_solution_4.json,large,3600.59,observed,historical_collaborator_archive,900,runtime > 300s -> 900s,900,True
test,martin-iradi2024,large_instance_5.json,large_solution_5.json,large,3600.38,observed,historical_collaborator_archive,900,runtime > 300s -> 900s,900,True
test,mehrotra1996,large_instance_1.json,large_solution_1.json,large,3626.7526866449043,observed,current_rerun_20260831,900,runtime > 300s -> 900s,900,True
test,mehrotra1996,large_instance_2.json,large_solution_2.json,large,3666.6760722287,observed,current_rerun_20260831,900,runtime > 300s -> 900s,900,True
test,mehrotra1996,large_instance_3.json,large_solution_3.json,large,3611.682734842412,observed,current_rerun_20260831,900,runtime > 300s -> 900s,900,True
test,mehrotra1996,large_instance_4.json,large_solution_4.json,large,3642.149904781021,observed,current_rerun_20260831,900,runtime > 300s -> 900s,900,True
test,mingozzi1999,large_instance_1.json,large_solution_1.json,large,319.97,observed,historical_collaborator_archive,900,runtime > 300s -> 900s,900,True
test,mingozzi1999,large_instance_3.json,large_solution_3.json,large,21.95,observed,historical_collaborator_archive,120,runtime <= 30s -> 120s,900,True
test,mingozzi1999,large_instance_4.json,large_solution_4.json,large,87.89,observed,historical_collaborator_archive,300,runtime <= 120s -> 300s,900,True
test,mingozzi1999,large_instance_5.json,large_solution_5.json,large,340.58,observed,historical_collaborator_archive,900,runtime > 300s -> 900s,900,True
test,morrison2016,large_instance_1.json,large_solution_1.json,large,3558.52,observed,historical_collaborator_archive,900,runtime > 300s -> 900s,900,True
test,morrison2016,large_instance_3.json,large_solution_3.json,large,399.77,observed,historical_collaborator_archive,900,runtime > 300s -> 900s,900,True
test,morrison2016,large_instance_4.json,large_solution_4.json,large,0.16,observed,historical_collaborator_archive,60,runtime <= 5s -> 60s,900,True
test,morrison2016,large_instance_5.json,large_solution_5.json,large,12.96,observed,historical_collaborator_archive,120,runtime <= 30s -> 120s,900,True
test,muter2010,large_instance_1.json,large_solution_1.json,large,3600.8564605442807,observed,current_rerun_20260831,900,runtime > 300s -> 900s,900,True
test,muter2010,large_instance_3.json,large_solution_3.json,large,5.228673008270562,observed,current_rerun_20260831,120,runtime <= 30s -> 120s,900,True
test,muter2010,large_instance_4.json,large_solution_4.json,large,10.072514498606324,observed,current_rerun_20260831,120,runtime <= 30s -> 120s,900,True
test,muter2010,large_instance_5.json,large_solution_5.json,large,3601.0325849233195,observed,current_rerun_20260831,900,runtime > 300s -> 900s,900,True
test,nagy2015,large_instance_1.json,large_solution_1.json,large,3604.39,observed,historical_collaborator_archive,900,runtime > 300s -> 900s,900,True
test,nagy2015,large_instance_3.json,large_solution_3.json,large,3605.92,observed,historical_collaborator_archive,900,runtime > 300s -> 900s,900,True
test,nagy2015,large_instance_4.json,large_solution_4.json,large,3605.83,observed,historical_collaborator_archive,900,runtime > 300s -> 900s,900,True
test,nagy2015,large_instance_5.json,large_solution_5.json,large,3604.12,observed,historical_collaborator_archive,900,runtime > 300s -> 900s,900,True
test,oliveira2020,large_instance_1.json,large_solution_1.json,large,0.37109239865094423,observed,current_rerun_20260831,60,runtime <= 5s -> 60s,900,True
test,oliveira2020,large_instance_2.json,large_solution_2.json,large,0.22547915391623974,observed,current_rerun_20260831,60,runtime <= 5s -> 60s,900,True
test,oliveira2020,large_instance_3.json,large_solution_3.json,large,0.2236419292166829,observed,current_rerun_20260831,60,runtime <= 5s -> 60s,900,True
test,oliveira2020,large_instance_5.json,large_solution_5.json,large,0.3229837752878666,observed,current_rerun_20260831,60,runtime <= 5s -> 60s,900,True
test,ostrowski2012,large_instance_11.json,large_solution_11.json,large,268.11866658367217,observed,current_rerun_20260831,600,runtime <= 300s -> 600s,900,True
test,ostrowski2012,large_instance_21.json,large_solution_21.json,large,186.31614573858678,observed,current_rerun_20260831,600,runtime <= 300s -> 600s,900,True
test,ostrowski2012,large_instance_31.json,large_solution_31.json,large,269.55011020600796,observed,current_rerun_20260831,600,runtime <= 300s -> 600s,900,True
test,ostrowski2012,large_instance_41.json,large_solution_41.json,large,154.63272175565362,observed,current_rerun_20260831,600,runtime <= 300s -> 600s,900,True
test,ozturk2020,large_instance_1.json,large_solution_1.json,large,3600.75,observed,historical_collaborator_archive,900,runtime > 300s -> 900s,900,True
test,ozturk2020,large_instance_2.json,large_solution_2.json,large,3601.37,observed,historical_collaborator_archive,900,runtime > 300s -> 900s,900,True
test,ozturk2020,large_instance_4.json,large_solution_4.json,large,3601.4,observed,historical_collaborator_archive,900,runtime > 300s -> 900s,900,True
test,ozturk2020,large_instance_5.json,large_solution_5.json,large,3600.53,observed,historical_collaborator_archive,900,runtime > 300s -> 900s,900,True
test,pecin2017,large_instance_1.json,large_solution_1.json,large,3604.69,observed,historical_collaborator_archive,900,runtime > 300s -> 900s,900,True
test,pecin2017,large_instance_2.json,large_solution_2.json,large,3601.49,observed,historical_collaborator_archive,900,runtime > 300s -> 900s,900,True
test,pecin2017,large_instance_3.json,large_solution_3.json,large,3600.75,observed,historical_collaborator_archive,900,runtime > 300s -> 900s,900,True
test,pecin2017,large_instance_5.json,large_solution_5.json,large,3607.53,observed,historical_collaborator_archive,900,runtime > 300s -> 900s,900,True
test,pedersen2024,large_instance_1.json,large_solution_1.json,large,559.04,observed,historical_collaborator_archive,900,runtime > 300s -> 900s,900,True
test,pedersen2024,large_instance_2.json,large_solution_2.json,large,1374.6,observed,historical_collaborator_archive,900,runtime > 300s -> 900s,900,True
test,pedersen2024,large_instance_4.json,large_solution_4.json,large,1791.25,observed,historical_collaborator_archive,900,runtime > 300s -> 900s,900,True
test,pedersen2024,large_instance_5.json,large_solution_5.json,large,2086.44,observed,historical_collaborator_archive,900,runtime > 300s -> 900s,900,True
test,pessoa2021,large_instance_1.json,large_solution_1.json,large,29.49,observed,historical_collaborator_archive,120,runtime <= 30s -> 120s,900,True
test,pessoa2021,large_instance_2.json,large_solution_2.json,large,3601.37,observed,historical_collaborator_archive,900,runtime > 300s -> 900s,900,True
test,pessoa2021,large_instance_3.json,large_solution_3.json,large,8.54,observed,historical_collaborator_archive,120,runtime <= 30s -> 120s,900,True
test,pessoa2021,large_instance_4.json,large_solution_4.json,large,3601.34,observed,historical_collaborator_archive,900,runtime > 300s -> 900s,900,True
test,pettersson2020,large_instance_1.json,large_solution_1.json,large,141.31,observed,historical_collaborator_archive,600,runtime <= 300s -> 600s,900,True
test,pettersson2020,large_instance_2.json,large_solution_2.json,large,139.63,observed,historical_collaborator_archive,600,runtime <= 300s -> 600s,900,True
test,pettersson2020,large_instance_3.json,large_solution_3.json,large,139.43,observed,historical_collaborator_archive,600,runtime <= 300s -> 600s,900,True
test,pettersson2020,large_instance_4.json,large_solution_4.json,large,137.92,observed,historical_collaborator_archive,600,runtime <= 300s -> 600s,900,True
test,pinnoi1997,large_instance_2.json,large_solution_2.json,large,0.36,observed,historical_collaborator_archive,60,runtime <= 5s -> 60s,900,True
test,pinnoi1997,large_instance_3.json,large_solution_3.json,large,3600.35,observed,historical_collaborator_archive,900,runtime > 300s -> 900s,900,True
test,pinnoi1997,large_instance_4.json,large_solution_4.json,large,1.26,observed,historical_collaborator_archive,60,runtime <= 5s -> 60s,900,True
test,pinnoi1997,large_instance_5.json,large_solution_5.json,large,0.35,observed,historical_collaborator_archive,60,runtime <= 5s -> 60s,900,True
test,potthoff2010,large_instance_1.json,large_solution_1.json,large,0.16904778126627207,observed,current_rerun_20260831,60,runtime <= 5s -> 60s,900,True
test,potthoff2010,large_instance_2.json,large_solution_2.json,large,0.9237672043964267,observed,current_rerun_20260831,60,runtime <= 5s -> 60s,900,True
test,potthoff2010,large_instance_3.json,large_solution_3.json,large,0.12372973095625639,observed,current_rerun_20260831,60,runtime <= 5s -> 60s,900,True
test,potthoff2010,large_instance_4.json,large_solution_4.json,large,0.1721362667158246,observed,current_rerun_20260831,60,runtime <= 5s -> 60s,900,True
test,rahimian2017,large_instance_1.json,large_solution_1.json,large,27.25,observed,historical_collaborator_archive,120,runtime <= 30s -> 120s,900,True
test,rahimian2017,large_instance_2.json,large_solution_2.json,large,11.64,observed,historical_collaborator_archive,120,runtime <= 30s -> 120s,900,True
test,rahimian2017,large_instance_3.json,large_solution_3.json,large,3602.25,observed,historical_collaborator_archive,900,runtime > 300s -> 900s,900,True
test,rahimian2017,large_instance_4.json,large_solution_4.json,large,9.51,observed,historical_collaborator_archive,120,runtime <= 30s -> 120s,900,True
test,rahmaniani2017,large_instance_1.json,large_solution_1.json,large,225.07731572911143,observed,current_rerun_20260831,600,runtime <= 300s -> 600s,900,True
test,rahmaniani2017,large_instance_3.json,large_solution_3.json,large,136.79861961305141,observed,current_rerun_20260831,600,runtime <= 300s -> 600s,900,True
test,rahmaniani2017,large_instance_4.json,large_solution_4.json,large,282.5018604034558,observed,current_rerun_20260831,600,runtime <= 300s -> 600s,900,True
test,rahmaniani2017,large_instance_5.json,large_solution_5.json,large,59.80196951702237,observed,current_rerun_20260831,300,runtime <= 120s -> 300s,900,True
test,rahmaniani2018,large_instance_1.json,large_solution_1.json,large,373.2213188195601,observed,current_rerun_20260831,900,runtime > 300s -> 900s,900,True
test,rahmaniani2018,large_instance_2.json,large_solution_2.json,large,214.29488624632359,observed,current_rerun_20260831,600,runtime <= 300s -> 600s,900,True
test,rahmaniani2018,large_instance_4.json,large_solution_4.json,large,296.4687019046396,observed,current_rerun_20260831,600,runtime <= 300s -> 600s,900,True
test,rahmaniani2018,large_instance_5.json,large_solution_5.json,large,204.95582663081586,observed,current_rerun_20260831,600,runtime <= 300s -> 600s,900,True
test,rahmaniani2020,large_instance_1.json,large_solution_1.json,large,222.79,observed,historical_collaborator_archive,600,runtime <= 300s -> 600s,900,True
test,rahmaniani2020,large_instance_2.json,large_solution_2.json,large,136.66,observed,historical_collaborator_archive,600,runtime <= 300s -> 600s,900,True
test,rahmaniani2020,large_instance_4.json,large_solution_4.json,large,2503.0,observed,historical_collaborator_archive,900,runtime > 300s -> 900s,900,True
test,rahmaniani2020,large_instance_5.json,large_solution_5.json,large,3609.91,observed,historical_collaborator_archive,900,runtime > 300s -> 900s,900,True
test,rahmaniani2022,large_instance_1.json,large_solution_1.json,large,281.45010888017714,observed,current_rerun_20260831,600,runtime <= 300s -> 600s,900,True
test,rahmaniani2022,large_instance_2.json,large_solution_2.json,large,74.78819767292589,observed,current_rerun_20260831,300,runtime <= 120s -> 300s,900,True
test,rahmaniani2022,large_instance_3.json,large_solution_3.json,large,107.39848231617361,observed,current_rerun_20260831,300,runtime <= 120s -> 300s,900,True
test,rahmaniani2022,large_instance_4.json,large_solution_4.json,large,269.2266760012135,observed,current_rerun_20260831,600,runtime <= 300s -> 600s,900,True
test,reihaneh2019,large_instance_1.json,large_solution_1.json,large,3600.74,observed,historical_collaborator_archive,900,runtime > 300s -> 900s,900,True
test,reihaneh2019,large_instance_2.json,large_solution_2.json,large,3600.81,observed,historical_collaborator_archive,900,runtime > 300s -> 900s,900,True
test,reihaneh2019,large_instance_3.json,large_solution_3.json,large,3601.2,observed,historical_collaborator_archive,900,runtime > 300s -> 900s,900,True
test,reihaneh2019,large_instance_5.json,large_solution_5.json,large,3601.15,observed,historical_collaborator_archive,900,runtime > 300s -> 900s,900,True
test,reinhardt2016,large_instance_1.json,large_solution_1.json,large,3601.61,observed,historical_collaborator_archive,900,runtime > 300s -> 900s,900,True
test,reinhardt2016,large_instance_3.json,large_solution_3.json,large,3601.68,observed,historical_collaborator_archive,900,runtime > 300s -> 900s,900,True
test,reinhardt2016,large_instance_4.json,large_solution_4.json,large,3601.72,observed,historical_collaborator_archive,900,runtime > 300s -> 900s,900,True
test,reinhardt2016,large_instance_5.json,large_solution_5.json,large,3601.89,observed,historical_collaborator_archive,900,runtime > 300s -> 900s,900,True
test,ribeiro1994,large_instance_1.json,large_solution_1.json,large,38.16,observed,historical_collaborator_archive,300,runtime <= 120s -> 300s,900,True
test,ribeiro1994,large_instance_3.json,large_solution_3.json,large,48.87,observed,historical_collaborator_archive,300,runtime <= 120s -> 300s,900,True
test,ribeiro1994,large_instance_4.json,large_solution_4.json,large,121.02,observed,historical_collaborator_archive,600,runtime <= 300s -> 600s,900,True
test,ribeiro1994,large_instance_5.json,large_solution_5.json,large,244.93,observed,historical_collaborator_archive,600,runtime <= 300s -> 600s,900,True
test,riley2025,large_instance_1.json,large_solution_1.json,large,306.5068716723472,observed,current_rerun_20260831,900,runtime > 300s -> 900s,900,True
test,riley2025,large_instance_2.json,large_solution_2.json,large,292.91763555724174,observed,current_rerun_20260831,600,runtime <= 300s -> 600s,900,True
test,riley2025,large_instance_3.json,large_solution_3.json,large,312.8905339092016,observed,current_rerun_20260831,900,runtime > 300s -> 900s,900,True
test,riley2025,large_instance_4.json,large_solution_4.json,large,304.00956523790956,observed,current_rerun_20260831,900,runtime > 300s -> 900s,900,True
test,roberti2015,large_instance_1.json,large_solution_1.json,large,3600.27,observed,historical_collaborator_archive,900,runtime > 300s -> 900s,900,True
test,roberti2015,large_instance_2.json,large_solution_2.json,large,3600.24,observed,historical_collaborator_archive,900,runtime > 300s -> 900s,900,True
test,roberti2015,large_instance_3.json,large_solution_3.json,large,3600.31,observed,historical_collaborator_archive,900,runtime > 300s -> 900s,900,True
test,roberti2015,large_instance_5.json,large_solution_5.json,large,3600.35,observed,historical_collaborator_archive,900,runtime > 300s -> 900s,900,True
test,roberti2018,large_instance_1.json,large_solution_1.json,large,3600.4,observed,historical_collaborator_archive,900,runtime > 300s -> 900s,900,True
test,roberti2018,large_instance_2.json,large_solution_2.json,large,3600.4,observed,historical_collaborator_archive,900,runtime > 300s -> 900s,900,True
test,roberti2018,large_instance_4.json,large_solution_4.json,large,3600.52,observed,historical_collaborator_archive,900,runtime > 300s -> 900s,900,True
test,roberti2018,large_instance_5.json,large_solution_5.json,large,3600.61,observed,historical_collaborator_archive,900,runtime > 300s -> 900s,900,True
test,roberti2021,large_instance_1.json,large_solution_1.json,large,120.45,observed,historical_collaborator_archive,600,runtime <= 300s -> 600s,900,True
test,roberti2021,large_instance_2.json,large_solution_2.json,large,3600.29,observed,historical_collaborator_archive,900,runtime > 300s -> 900s,900,True
test,roberti2021,large_instance_3.json,large_solution_3.json,large,36.1,observed,historical_collaborator_archive,300,runtime <= 120s -> 300s,900,True
test,roberti2021,large_instance_4.json,large_solution_4.json,large,181.83,observed,historical_collaborator_archive,600,runtime <= 300s -> 600s,900,True
test,ropke2009,large_instance_1.json,large_solution_1.json,large,3609.34,observed,historical_collaborator_archive,900,runtime > 300s -> 900s,900,True
test,ropke2009,large_instance_2.json,large_solution_2.json,large,3615.61,observed,historical_collaborator_archive,900,runtime > 300s -> 900s,900,True
test,ropke2009,large_instance_4.json,large_solution_4.json,large,3608.18,observed,historical_collaborator_archive,900,runtime > 300s -> 900s,900,True
test,ropke2009,large_instance_5.json,large_solution_5.json,large,3607.66,observed,historical_collaborator_archive,900,runtime > 300s -> 900s,900,True
test,roshanaei2017,large_instance_1.json,large_solution_1.json,large,3607.75,observed,historical_collaborator_archive,900,runtime > 300s -> 900s,900,True
test,roshanaei2017,large_instance_3.json,large_solution_3.json,large,3609.87,observed,historical_collaborator_archive,900,runtime > 300s -> 900s,900,True
test,roshanaei2017,large_instance_4.json,large_solution_4.json,large,3609.72,observed,historical_collaborator_archive,900,runtime > 300s -> 900s,900,True
test,roshanaei2017,large_instance_5.json,large_solution_5.json,large,3607.81,observed,historical_collaborator_archive,900,runtime > 300s -> 900s,900,True
test,rostami2021,large_instance_1.json,large_solution_1.json,large,718.27,observed,historical_collaborator_archive,900,runtime > 300s -> 900s,900,True
test,rostami2021,large_instance_2.json,large_solution_2.json,large,994.76,observed,historical_collaborator_archive,900,runtime > 300s -> 900s,900,True
test,rostami2021,large_instance_3.json,large_solution_3.json,large,828.33,observed,historical_collaborator_archive,900,runtime > 300s -> 900s,900,True
test,rostami2021,large_instance_4.json,large_solution_4.json,large,718.66,observed,historical_collaborator_archive,900,runtime > 300s -> 900s,900,True
test,rothenbacher2018,large_instance_1.json,large_solution_1.json,large,3626.85,observed,historical_collaborator_archive,900,runtime > 300s -> 900s,900,True
test,rothenbacher2018,large_instance_2.json,large_solution_2.json,large,3628.77,observed,historical_collaborator_archive,900,runtime > 300s -> 900s,900,True
test,rothenbacher2018,large_instance_3.json,large_solution_3.json,large,3626.12,observed,historical_collaborator_archive,900,runtime > 300s -> 900s,900,True
test,rothenbacher2018,large_instance_4.json,large_solution_4.json,large,3625.33,observed,historical_collaborator_archive,900,runtime > 300s -> 900s,900,True
test,rothenbacher2019,large_instance_1.json,large_solution_1.json,large,1456.18,observed,historical_collaborator_archive,900,runtime > 300s -> 900s,900,True
test,rothenbacher2019,large_instance_2.json,large_solution_2.json,large,1523.83,observed,historical_collaborator_archive,900,runtime > 300s -> 900s,900,True
test,rothenbacher2019,large_instance_4.json,large_solution_4.json,large,1475.48,observed,historical_collaborator_archive,900,runtime > 300s -> 900s,900,True
test,rothenbacher2019,large_instance_5.json,large_solution_5.json,large,1688.73,observed,historical_collaborator_archive,900,runtime > 300s -> 900s,900,True
test,ruiz2007,large_instance_1.json,large_solution_1.json,large,3600.71,observed,historical_collaborator_archive,900,runtime > 300s -> 900s,900,True
test,ruiz2007,large_instance_2.json,large_solution_2.json,large,3600.69,observed,historical_collaborator_archive,900,runtime > 300s -> 900s,900,True
test,ruiz2007,large_instance_3.json,large_solution_3.json,large,672.78,observed,historical_collaborator_archive,900,runtime > 300s -> 900s,900,True
test,ruiz2007,large_instance_5.json,large_solution_5.json,large,664.17,observed,historical_collaborator_archive,900,runtime > 300s -> 900s,900,True
test,sadykov2013,large_instance_1.json,large_solution_1.json,large,3617.76,observed,historical_collaborator_archive,900,runtime > 300s -> 900s,900,True
test,sadykov2013,large_instance_2.json,large_solution_2.json,large,3601.17,observed,historical_collaborator_archive,900,runtime > 300s -> 900s,900,True
test,sadykov2013,large_instance_3.json,large_solution_3.json,large,3606.47,observed,historical_collaborator_archive,900,runtime > 300s -> 900s,900,True
test,sadykov2013,large_instance_4.json,large_solution_4.json,large,3603.8,observed,historical_collaborator_archive,900,runtime > 300s -> 900s,900,True
test,salemi2022,large_instance_1.json,large_solution_1.json,large,3615.01,observed,historical_collaborator_archive,900,runtime > 300s -> 900s,900,True
test,salemi2022,large_instance_2.json,large_solution_2.json,large,3619.53,observed,historical_collaborator_archive,900,runtime > 300s -> 900s,900,True
test,salemi2022,large_instance_3.json,large_solution_3.json,large,2910.87,observed,historical_collaborator_archive,900,runtime > 300s -> 900s,900,True
test,salemi2022,large_instance_4.json,large_solution_4.json,large,3618.65,observed,historical_collaborator_archive,900,runtime > 300s -> 900s,900,True
test,samarghandi2017,large_instance_1.json,large_solution_1.json,large,3604.19,observed,historical_collaborator_archive,900,runtime > 300s -> 900s,900,True
test,samarghandi2017,large_instance_2.json,large_solution_2.json,large,3602.78,observed,historical_collaborator_archive,900,runtime > 300s -> 900s,900,True
test,samarghandi2017,large_instance_3.json,large_solution_3.json,large,3600.9,observed,historical_collaborator_archive,900,runtime > 300s -> 900s,900,True
test,samarghandi2017,large_instance_4.json,large_solution_4.json,large,3604.04,observed,historical_collaborator_archive,900,runtime > 300s -> 900s,900,True
test,sansegundo2016,large_instance_2.json,large_solution_2.json,large,188.73,observed,historical_collaborator_archive,600,runtime <= 300s -> 600s,900,True
test,sansegundo2016,large_instance_3.json,large_solution_3.json,large,70.25,observed,historical_collaborator_archive,300,runtime <= 120s -> 300s,900,True
test,sansegundo2016,large_instance_4.json,large_solution_4.json,large,181.47,observed,historical_collaborator_archive,600,runtime <= 300s -> 600s,900,True
test,sansegundo2016,large_instance_5.json,large_solution_5.json,large,81.24,observed,historical_collaborator_archive,300,runtime <= 120s -> 300s,900,True
test,sansegundo2023,large_instance_2.json,large_solution_2.json,large,3604.28,observed,historical_collaborator_archive,900,runtime > 300s -> 900s,900,True
test,sansegundo2023,large_instance_3.json,large_solution_3.json,large,13.35,observed,historical_collaborator_archive,120,runtime <= 30s -> 120s,900,True
test,sansegundo2023,large_instance_4.json,large_solution_4.json,large,3603.79,observed,historical_collaborator_archive,900,runtime > 300s -> 900s,900,True
test,sansegundo2023,large_instance_5.json,large_solution_5.json,large,263.78,observed,historical_collaborator_archive,600,runtime <= 300s -> 600s,900,True
test,savelsbergh1997,large_instance_1.json,large_solution_1.json,large,3601.39,observed,historical_collaborator_archive,900,runtime > 300s -> 900s,900,True
test,savelsbergh1997,large_instance_2.json,large_solution_2.json,large,0.23,observed,historical_collaborator_archive,60,runtime <= 5s -> 60s,900,True
test,savelsbergh1997,large_instance_3.json,large_solution_3.json,large,0.23,observed,historical_collaborator_archive,60,runtime <= 5s -> 60s,900,True
test,savelsbergh1997,large_instance_5.json,large_solution_5.json,large,3601.96,observed,historical_collaborator_archive,900,runtime > 300s -> 900s,900,True
test,schwerdfeger2016,large_instance_2.json,large_solution_2.json,large,95.54,observed,historical_collaborator_archive,300,runtime <= 120s -> 300s,900,True
test,schwerdfeger2016,large_instance_3.json,large_solution_3.json,large,22.81,observed,historical_collaborator_archive,120,runtime <= 30s -> 120s,900,True
test,schwerdfeger2016,large_instance_4.json,large_solution_4.json,large,2519.19,observed,historical_collaborator_archive,900,runtime > 300s -> 900s,900,True
test,schwerdfeger2016,large_instance_5.json,large_solution_5.json,large,9.52,observed,historical_collaborator_archive,120,runtime <= 30s -> 120s,900,True
test,segundo2019,large_instance_2.json,large_solution_2.json,large,3629.16,observed,historical_collaborator_archive,900,runtime > 300s -> 900s,900,True
test,segundo2019,large_instance_5.json,large_solution_5.json,large,3628.6,observed,historical_collaborator_archive,900,runtime > 300s -> 900s,900,True
test,segundo2019b,large_instance_1.json,large_solution_1.json,large,3626.09,observed,historical_collaborator_archive,900,runtime > 300s -> 900s,900,True
test,segundo2019b,large_instance_2.json,large_solution_2.json,large,1208.0,observed,historical_collaborator_archive,900,runtime > 300s -> 900s,900,True
test,segundo2019b,large_instance_3.json,large_solution_3.json,large,3615.04,observed,historical_collaborator_archive,900,runtime > 300s -> 900s,900,True
test,segundo2019b,large_instance_5.json,large_solution_5.json,large,3625.19,observed,historical_collaborator_archive,900,runtime > 300s -> 900s,900,True
test,seker2021,large_instance_2.json,large_solution_2.json,large,48.12,observed,historical_collaborator_archive,300,runtime <= 120s -> 300s,900,True
test,seker2021,large_instance_3.json,large_solution_3.json,large,2028.83,observed,historical_collaborator_archive,900,runtime > 300s -> 900s,900,True
test,seker2021,large_instance_4.json,large_solution_4.json,large,171.26,observed,historical_collaborator_archive,600,runtime <= 300s -> 600s,900,True
test,seker2021,large_instance_5.json,large_solution_5.json,large,50.3,observed,historical_collaborator_archive,300,runtime <= 120s -> 300s,900,True
test,song2021,large_instance_1.json,large_solution_1.json,large,25.17,observed,historical_collaborator_archive,120,runtime <= 30s -> 120s,900,True
test,song2021,large_instance_2.json,large_solution_2.json,large,5.29,observed,historical_collaborator_archive,120,runtime <= 30s -> 120s,900,True
test,song2021,large_instance_3.json,large_solution_3.json,large,9.38,observed,historical_collaborator_archive,120,runtime <= 30s -> 120s,900,True
test,song2021,large_instance_4.json,large_solution_4.json,large,3601.21,observed,historical_collaborator_archive,900,runtime > 300s -> 900s,900,True
test,spliet2015,large_instance_1.json,large_solution_1.json,large,3600.93,observed,historical_collaborator_archive,900,runtime > 300s -> 900s,900,True
test,spliet2015,large_instance_2.json,large_solution_2.json,large,3600.76,observed,historical_collaborator_archive,900,runtime > 300s -> 900s,900,True
test,spliet2015,large_instance_4.json,large_solution_4.json,large,3601.32,observed,historical_collaborator_archive,900,runtime > 300s -> 900s,900,True
test,spliet2015,large_instance_5.json,large_solution_5.json,large,3601.32,observed,historical_collaborator_archive,900,runtime > 300s -> 900s,900,True
test,taninmis2022,large_instance_2.json,large_solution_2.json,large,2840.0578511990607,observed,current_rerun_20260831,900,runtime > 300s -> 900s,900,True
test,taninmis2022,large_instance_3.json,large_solution_3.json,large,3315.972869021818,observed,current_rerun_20260831,900,runtime > 300s -> 900s,900,True
test,taninmis2022,large_instance_4.json,large_solution_4.json,large,2797.8869417607784,observed,current_rerun_20260831,900,runtime > 300s -> 900s,900,True
test,taninmis2022,large_instance_5.json,large_solution_5.json,large,3508.1709358887747,observed,current_rerun_20260831,900,runtime > 300s -> 900s,900,True
test,tran2018,large_instance_1.json,large_solution_1.json,large,358.52,observed,historical_collaborator_archive,900,runtime > 300s -> 900s,900,True
test,tran2018,large_instance_2.json,large_solution_2.json,large,3.22,observed,historical_collaborator_archive,60,runtime <= 5s -> 60s,900,True
test,tran2018,large_instance_3.json,large_solution_3.json,large,3.43,observed,historical_collaborator_archive,60,runtime <= 5s -> 60s,900,True
test,tran2018,large_instance_5.json,large_solution_5.json,large,308.14,observed,historical_collaborator_archive,900,runtime > 300s -> 900s,900,True
test,vidal2011,large_instance_1.json,large_solution_1.json,large,3602.03,observed,historical_collaborator_archive,900,runtime > 300s -> 900s,900,True
test,vidal2011,large_instance_3.json,large_solution_3.json,large,3600.67,observed,historical_collaborator_archive,900,runtime > 300s -> 900s,900,True
test,vidal2011,large_instance_4.json,large_solution_4.json,large,3602.02,observed,historical_collaborator_archive,900,runtime > 300s -> 900s,900,True
test,vidal2011,large_instance_5.json,large_solution_5.json,large,3601.18,observed,historical_collaborator_archive,900,runtime > 300s -> 900s,900,True
test,walteros2020,large_instance_2.json,large_solution_2.json,large,36.69,observed,historical_collaborator_archive,300,runtime <= 120s -> 300s,900,True
test,walteros2020,large_instance_3.json,large_solution_3.json,large,96.74,observed,historical_collaborator_archive,300,runtime <= 120s -> 300s,900,True
test,walteros2020,large_instance_4.json,large_solution_4.json,large,88.63,observed,historical_collaborator_archive,300,runtime <= 120s -> 300s,900,True
test,walteros2020,large_instance_5.json,large_solution_5.json,large,36.34,observed,historical_collaborator_archive,300,runtime <= 120s -> 300s,900,True
test,wang2019,large_instance_2.json,large_solution_2.json,large,3601.88,observed,historical_collaborator_archive,900,runtime > 300s -> 900s,900,True
test,wang2019,large_instance_3.json,large_solution_3.json,large,3602.69,observed,historical_collaborator_archive,900,runtime > 300s -> 900s,900,True
test,wang2019,large_instance_4.json,large_solution_4.json,large,3602.59,observed,historical_collaborator_archive,900,runtime > 300s -> 900s,900,True
test,wang2019,large_instance_5.json,large_solution_5.json,large,3601.94,observed,historical_collaborator_archive,900,runtime > 300s -> 900s,900,True
test,wang2025,large_instance_1.json,large_solution_1.json,large,3600.46,observed,historical_collaborator_archive,900,runtime > 300s -> 900s,900,True
test,wang2025,large_instance_2.json,large_solution_2.json,large,3600.3,observed,historical_collaborator_archive,900,runtime > 300s -> 900s,900,True
test,wang2025,large_instance_4.json,large_solution_4.json,large,0.18,observed,historical_collaborator_archive,60,runtime <= 5s -> 60s,900,True
test,wang2025,large_instance_5.json,large_solution_5.json,large,0.19,observed,historical_collaborator_archive,60,runtime <= 5s -> 60s,900,True
test,wangk2020,large_instance_2.json,large_solution_2.json,large,237.69,observed,historical_collaborator_archive,600,runtime <= 300s -> 600s,900,True
test,wangk2020,large_instance_3.json,large_solution_3.json,large,234.73,observed,historical_collaborator_archive,600,runtime <= 300s -> 600s,900,True
test,wangk2020,large_instance_4.json,large_solution_4.json,large,471.37,observed,historical_collaborator_archive,900,runtime > 300s -> 900s,900,True
test,wangk2020,large_instance_5.json,large_solution_5.json,large,486.24,observed,historical_collaborator_archive,900,runtime > 300s -> 900s,900,True
test,wangy2020,large_instance_2.json,large_solution_2.json,large,100.41,observed,historical_collaborator_archive,300,runtime <= 120s -> 300s,900,True
test,wangy2020,large_instance_3.json,large_solution_3.json,large,121.03,observed,historical_collaborator_archive,600,runtime <= 300s -> 600s,900,True
test,wangy2020,large_instance_4.json,large_solution_4.json,large,210.58,observed,historical_collaborator_archive,600,runtime <= 300s -> 600s,900,True
test,wangy2020,large_instance_5.json,large_solution_5.json,large,94.64,observed,historical_collaborator_archive,300,runtime <= 120s -> 300s,900,True
test,watermeyer2020,large_instance_1.json,large_solution_1.json,large,3603.38,observed,historical_collaborator_archive,900,runtime > 300s -> 900s,900,True
test,watermeyer2020,large_instance_2.json,large_solution_2.json,large,3603.47,observed,historical_collaborator_archive,900,runtime > 300s -> 900s,900,True
test,watermeyer2020,large_instance_3.json,large_solution_3.json,large,3605.84,observed,historical_collaborator_archive,900,runtime > 300s -> 900s,900,True
test,watermeyer2020,large_instance_4.json,large_solution_4.json,large,3605.69,observed,historical_collaborator_archive,900,runtime > 300s -> 900s,900,True
test,watermeyer2022,large_instance_2.json,large_solution_2.json,large,54.02,observed,historical_collaborator_archive,300,runtime <= 120s -> 300s,900,True
test,watermeyer2022,large_instance_3.json,large_solution_3.json,large,129.83,observed,historical_collaborator_archive,600,runtime <= 300s -> 600s,900,True
test,watermeyer2022,large_instance_4.json,large_solution_4.json,large,261.21,observed,historical_collaborator_archive,600,runtime <= 300s -> 600s,900,True
test,watermeyer2022,large_instance_5.json,large_solution_5.json,large,233.54,observed,historical_collaborator_archive,600,runtime <= 300s -> 600s,900,True
test,watermeyer2023,large_instance_1.json,large_solution_1.json,large,271.81,observed,historical_collaborator_archive,600,runtime <= 300s -> 600s,900,True
test,watermeyer2023,large_instance_2.json,large_solution_2.json,large,2427.53,observed,historical_collaborator_archive,900,runtime > 300s -> 900s,900,True
test,watermeyer2023,large_instance_3.json,large_solution_3.json,large,34.16,observed,historical_collaborator_archive,300,runtime <= 120s -> 300s,900,True
test,watermeyer2023,large_instance_4.json,large_solution_4.json,large,58.42,observed,historical_collaborator_archive,300,runtime <= 120s -> 300s,900,True
test,wei2020,large_instance_1.json,large_solution_1.json,large,3603.61,observed,historical_collaborator_archive,900,runtime > 300s -> 900s,900,True
test,wei2020,large_instance_2.json,large_solution_2.json,large,3602.2,observed,historical_collaborator_archive,900,runtime > 300s -> 900s,900,True
test,wei2020,large_instance_3.json,large_solution_3.json,large,3601.13,observed,historical_collaborator_archive,900,runtime > 300s -> 900s,900,True
test,wei2020,large_instance_5.json,large_solution_5.json,large,3603.29,observed,historical_collaborator_archive,900,runtime > 300s -> 900s,900,True
test,wei2020b,large_instance_1.json,large_solution_1.json,large,3601.04,observed,historical_collaborator_archive,900,runtime > 300s -> 900s,900,True
test,wei2020b,large_instance_3.json,large_solution_3.json,large,0.21,observed,historical_collaborator_archive,60,runtime <= 5s -> 60s,900,True
test,wei2020b,large_instance_4.json,large_solution_4.json,large,3.23,observed,historical_collaborator_archive,60,runtime <= 5s -> 60s,900,True
test,wei2020b,large_instance_5.json,large_solution_5.json,large,3607.61,observed,historical_collaborator_archive,900,runtime > 300s -> 900s,900,True
test,wu2018,large_instance_1.json,large_solution_1.json,large,3600.21,observed,historical_collaborator_archive,900,runtime > 300s -> 900s,900,True
test,wu2018,large_instance_2.json,large_solution_2.json,large,3600.25,observed,historical_collaborator_archive,900,runtime > 300s -> 900s,900,True
test,wu2018,large_instance_4.json,large_solution_4.json,large,3600.19,observed,historical_collaborator_archive,900,runtime > 300s -> 900s,900,True
test,wu2018,large_instance_5.json,large_solution_5.json,large,3600.22,observed,historical_collaborator_archive,900,runtime > 300s -> 900s,900,True
test,wu2022,large_instance_1.json,large_solution_1.json,large,159.92,observed,historical_collaborator_archive,600,runtime <= 300s -> 600s,900,True
test,wu2022,large_instance_2.json,large_solution_2.json,large,3628.0,observed,historical_collaborator_archive,900,runtime > 300s -> 900s,900,True
test,wu2022,large_instance_3.json,large_solution_3.json,large,70.34,observed,historical_collaborator_archive,300,runtime <= 120s -> 300s,900,True
test,wu2022,large_instance_5.json,large_solution_5.json,large,65.84,observed,historical_collaborator_archive,300,runtime <= 120s -> 300s,900,True
test,wu2023,large_instance_1.json,large_solution_1.json,large,1654.7206203145906,observed,current_rerun_20260831,900,runtime > 300s -> 900s,900,True
test,wu2023,large_instance_2.json,large_solution_2.json,large,1442.0979238310829,observed,current_rerun_20260831,900,runtime > 300s -> 900s,900,True
test,wu2023,large_instance_3.json,large_solution_3.json,large,1721.7605778463185,observed,current_rerun_20260831,900,runtime > 300s -> 900s,900,True
test,wu2023,large_instance_4.json,large_solution_4.json,large,841.59445677232,observed,current_rerun_20260831,900,runtime > 300s -> 900s,900,True
test,xie2019,large_instance_1.json,large_solution_1.json,large,88.66,observed,historical_collaborator_archive,300,runtime <= 120s -> 300s,900,True
test,xie2019,large_instance_3.json,large_solution_3.json,large,107.15,observed,historical_collaborator_archive,300,runtime <= 120s -> 300s,900,True
test,xie2019,large_instance_4.json,large_solution_4.json,large,214.95,observed,historical_collaborator_archive,600,runtime <= 300s -> 600s,900,True
test,xie2019,large_instance_5.json,large_solution_5.json,large,769.09,observed,historical_collaborator_archive,900,runtime > 300s -> 900s,900,True
test,xu2024,large_instance_2.json,large_solution_2.json,large,3601.81,observed,historical_collaborator_archive,900,runtime > 300s -> 900s,900,True
test,xu2024,large_instance_3.json,large_solution_3.json,large,3600.63,observed,historical_collaborator_archive,900,runtime > 300s -> 900s,900,True
test,xu2024,large_instance_4.json,large_solution_4.json,large,365.28,observed,historical_collaborator_archive,900,runtime > 300s -> 900s,900,True
test,xu2024,large_instance_5.json,large_solution_5.json,large,3600.82,observed,historical_collaborator_archive,900,runtime > 300s -> 900s,900,True
test,yang2013,large_instance_2.json,large_solution_2.json,large,3604.44,observed,historical_collaborator_archive,900,runtime > 300s -> 900s,900,True
test,yang2013,large_instance_3.json,large_solution_3.json,large,3608.56,observed,historical_collaborator_archive,900,runtime > 300s -> 900s,900,True
test,yang2013,large_instance_4.json,large_solution_4.json,large,3607.59,observed,historical_collaborator_archive,900,runtime > 300s -> 900s,900,True
test,yang2013,large_instance_5.json,large_solution_5.json,large,3601.39,observed,historical_collaborator_archive,900,runtime > 300s -> 900s,900,True
test,zetina2019,large_instance_1.json,large_solution_1.json,large,3614.11,observed,historical_collaborator_archive,900,runtime > 300s -> 900s,900,True
test,zetina2019,large_instance_2.json,large_solution_2.json,large,3622.1,observed,historical_collaborator_archive,900,runtime > 300s -> 900s,900,True
test,zetina2019,large_instance_3.json,large_solution_3.json,large,3616.71,observed,historical_collaborator_archive,900,runtime > 300s -> 900s,900,True
test,zetina2019,large_instance_5.json,large_solution_5.json,large,3614.98,observed,historical_collaborator_archive,900,runtime > 300s -> 900s,900,True
test,zetina2020,large_instance_1.json,large_solution_1.json,large,3601.25,observed,historical_collaborator_archive,900,runtime > 300s -> 900s,900,True
test,zetina2020,large_instance_3.json,large_solution_3.json,large,3600.92,observed,historical_collaborator_archive,900,runtime > 300s -> 900s,900,True
test,zetina2020,large_instance_4.json,large_solution_4.json,large,3600.98,observed,historical_collaborator_archive,900,runtime > 300s -> 900s,900,True
test,zetina2020,large_instance_5.json,large_solution_5.json,large,3601.27,observed,historical_collaborator_archive,900,runtime > 300s -> 900s,900,True
test,zhang2025,large_instance_1.json,large_solution_1.json,large,3605.91,observed,historical_collaborator_archive,900,runtime > 300s -> 900s,900,True
test,zhang2025,large_instance_2.json,large_solution_2.json,large,3607.23,observed,historical_collaborator_archive,900,runtime > 300s -> 900s,900,True
test,zhang2025,large_instance_3.json,large_solution_3.json,large,11.51,observed,historical_collaborator_archive,120,runtime <= 30s -> 120s,900,True
test,zhang2025,large_instance_5.json,large_solution_5.json,large,1772.94,observed,historical_collaborator_archive,900,runtime > 300s -> 900s,900,True
test,zohali2022,large_instance_1.json,large_solution_1.json,large,30.215429660864174,observed,current_rerun_20260831,300,runtime <= 120s -> 300s,900,True
test,zohali2022,large_instance_3.json,large_solution_3.json,large,30.122377164661884,observed,current_rerun_20260831,300,runtime <= 120s -> 300s,900,True
test,zohali2022,large_instance_4.json,large_solution_4.json,large,30.224933289922774,observed,current_rerun_20260831,300,runtime <= 120s -> 300s,900,True
test,zohali2022,large_instance_5.json,large_solution_5.json,large,30.156055998057127,observed,current_rerun_20260831,300,runtime <= 120s -> 300s,900,True
train,adulyasak2015,tiny_instance.json,tiny_solution.json,small,0.9,observed,historical_collaborator_archive,60,runtime <= 5s -> 60s,,True
train,alba2013,tiny_instance.json,tiny_solution.json,small,0.34,observed,historical_collaborator_archive,60,runtime <= 5s -> 60s,,True
train,alfieri2020,tiny_instance.json,tiny_solution.json,small,0.17,observed,historical_collaborator_archive,60,runtime <= 5s -> 60s,,True
train,amaldi2013,tiny_instance.json,tiny_solution.json,small,6.87,observed,historical_collaborator_archive,120,runtime <= 30s -> 120s,,True
train,araujo2015,tiny_instance.json,tiny_solution.json,small,0.5,observed,historical_collaborator_archive,60,runtime <= 5s -> 60s,,True
train,araujo2020,tiny_instance.json,tiny_solution.json,small,0.61,observed,historical_collaborator_archive,60,runtime <= 5s -> 60s,,True
train,archetti2007,tiny_instance.json,tiny_solution.json,small,0.54,observed,historical_collaborator_archive,60,runtime <= 5s -> 60s,,True
train,armbruster2012,tiny_instance.json,tiny_solution.json,small,19.29,observed,historical_collaborator_archive,120,runtime <= 30s -> 120s,,True
train,armbruster2012,tiny_instance_2.json,tiny_solution_2.json,small,30.596107756718993,observed,historical_reference_regeneration_20260829,300,runtime <= 120s -> 300s,,True
train,arslan2021,tiny_instance.json,tiny_solution.json,small,0.17558692675083876,observed,current_rerun_20260831,60,runtime <= 5s -> 60s,,True
train,bard2002,tiny_instance.json,tiny_solution.json,small,0.17819811031222343,observed,current_rerun_20260831,60,runtime <= 5s -> 60s,,True
train,barnhart2000,tiny_instance.json,tiny_solution.json,small,0.09,observed,historical_collaborator_archive,60,runtime <= 5s -> 60s,,True
train,bayani2024,tiny_instance.json,tiny_solution.json,small,0.6,observed,historical_collaborator_archive,60,runtime <= 5s -> 60s,,True
train,belhoul2014,tiny_instance.json,tiny_solution.json,small,0.12,observed,historical_collaborator_archive,60,runtime <= 5s -> 60s,,True
train,belvaux2000,tiny_instance.json,tiny_solution.json,small,0.57,observed,historical_collaborator_archive,60,runtime <= 5s -> 60s,,True
train,bentert2022,tiny_instance.json,tiny_solution.json,small,90.25,observed,historical_collaborator_archive,300,runtime <= 120s -> 300s,,True
train,bergman2019,tiny_instance.json,tiny_solution.json,small,0.27,observed,historical_collaborator_archive,60,runtime <= 5s -> 60s,,True
train,bertsimas2022,tiny_instance.json,tiny_solution.json,small,0.25,observed,historical_collaborator_archive,60,runtime <= 5s -> 60s,,True
train,bertsimas2024,tiny_instance.json,tiny_solution.json,small,4.254862774163485,observed,current_rerun_20260831,60,runtime <= 5s -> 60s,,True
train,bettinelli2017,tiny_instance.json,tiny_solution.json,small,0.19,observed,historical_collaborator_archive,60,runtime <= 5s -> 60s,,True
train,bierwirth2017,tiny_instance.json,tiny_solution.json,small,3.75,observed,historical_collaborator_archive,60,runtime <= 5s -> 60s,,True
train,bierwirth2017,tiny_instance_2.json,tiny_solution_2.json,small,45.237995417788625,observed,historical_reference_regeneration_20260829,300,runtime <= 120s -> 300s,,True
train,bode2012,tiny_instance.json,tiny_solution.json,small,2.19,observed,historical_collaborator_archive,60,runtime <= 5s -> 60s,,True
train,bodur2017,tiny_instance.json,tiny_solution.json,small,9.46,observed,historical_collaborator_archive,120,runtime <= 30s -> 120s,,True
train,boland2019,tiny_instance.json,tiny_solution.json,small,2.9,observed,historical_collaborator_archive,60,runtime <= 5s -> 60s,,True
train,bollapragada2001,tiny_instance.json,tiny_solution.json,small,0.29,observed,historical_collaborator_archive,60,runtime <= 5s -> 60s,,True
train,borndorfer2007,tiny_instance.json,tiny_solution.json,small,17.36,observed,historical_collaborator_archive,120,runtime <= 30s -> 120s,,True
train,borndorfer2007,tiny_instance_2.json,tiny_solution_2.json,small,121.85411329101771,observed,historical_reference_regeneration_20260829,600,runtime <= 300s -> 600s,,True
train,bragin2022,tiny_instance.json,tiny_solution.json,small,1.42,observed,historical_collaborator_archive,60,runtime <= 5s -> 60s,,True
train,brandao2016,tiny_instance.json,tiny_solution.json,small,0.24,observed,historical_collaborator_archive,60,runtime <= 5s -> 60s,,True
train,bront2009,tiny_instance.json,tiny_solution.json,small,0.2,observed,historical_collaborator_archive,60,runtime <= 5s -> 60s,,True
train,buchheim2018,tiny_instance.json,tiny_solution.json,small,4.5,observed,historical_collaborator_archive,60,runtime <= 5s -> 60s,,True
train,byeon2022,tiny_instance.json,tiny_solution.json,small,0.2712572729215026,observed,current_rerun_20260831,60,runtime <= 5s -> 60s,,True
train,caprara1999,tiny_instance.json,tiny_solution.json,small,0.2,observed,historical_collaborator_archive,60,runtime <= 5s -> 60s,,True
train,carosi2019,tiny_instance.json,tiny_solution.json,small,1.11,observed,historical_collaborator_archive,60,runtime <= 5s -> 60s,,True
train,carvalho1999,tiny_instance.json,tiny_solution.json,small,0.44,observed,historical_collaborator_archive,60,runtime <= 5s -> 60s,,True
train,carvalho2022,tiny_instance.json,tiny_solution.json,small,69.37,observed,historical_collaborator_archive,300,runtime <= 120s -> 300s,,True
train,castro2021,tiny_instance.json,tiny_solution.json,small,0.14,observed,historical_collaborator_archive,60,runtime <= 5s -> 60s,,True
train,chebil2015,tiny_instance.json,tiny_solution.json,small,0.14,observed,historical_collaborator_archive,60,runtime <= 5s -> 60s,,True
train,chebil2019,tiny_instance.json,tiny_solution.json,small,0.14,observed,historical_collaborator_archive,60,runtime <= 5s -> 60s,,True
train,chen1999,tiny_instance.json,tiny_solution.json,small,16.46,observed,historical_collaborator_archive,120,runtime <= 30s -> 120s,,True
train,cherkesly2015,tiny_instance.json,tiny_solution.json,small,11.843637948855758,observed,current_rerun_20260831,120,runtime <= 30s -> 120s,,True
train,colombi2017,tiny_instance.json,tiny_solution.json,small,0.13,observed,historical_collaborator_archive,60,runtime <= 5s -> 60s,,True
train,contreras2011,tiny_instance.json,tiny_solution.json,small,0.22,observed,historical_collaborator_archive,60,runtime <= 5s -> 60s,,True
train,cordeau2006,tiny_instance.json,tiny_solution.json,small,2.14,observed,historical_collaborator_archive,60,runtime <= 5s -> 60s,,True
train,cordeau2014,tiny_instance.json,tiny_solution.json,small,0.32340638525784016,observed,current_rerun_20260831,60,runtime <= 5s -> 60s,,True
train,cordeau2019,tiny_instance.json,tiny_solution.json,small,2.21,observed,historical_collaborator_archive,60,runtime <= 5s -> 60s,,True
train,cote2018,tiny_instance.json,tiny_solution.json,small,0.12,observed,historical_collaborator_archive,60,runtime <= 5s -> 60s,,True
train,cote2019,tiny_instance.json,tiny_solution.json,small,91.82,observed,historical_collaborator_archive,300,runtime <= 120s -> 300s,,True
train,cunha2021,tiny_instance.json,tiny_solution.json,small,11.69,observed,historical_collaborator_archive,120,runtime <= 30s -> 120s,,True
train,damcikurt2016,tiny_instance.json,tiny_solution.json,small,62.902939279563725,observed,current_rerun_20260831,300,runtime <= 120s -> 300s,,True
train,dayarian2019,tiny_instance.json,tiny_solution.json,small,2.569692767225206,observed,current_rerun_20260831,60,runtime <= 5s -> 60s,,True
train,degraeve2007,tiny_instance.json,tiny_solution.json,small,0.17,observed,historical_collaborator_archive,60,runtime <= 5s -> 60s,,True
train,delage2022,tiny_instance.json,tiny_solution.json,small,22.77,observed,historical_collaborator_archive,120,runtime <= 30s -> 120s,,True
train,delorme2020,tiny_instance.json,tiny_solution.json,small,0.14,observed,historical_collaborator_archive,60,runtime <= 5s -> 60s,,True
train,desaulniers2010,tiny_instance.json,tiny_solution.json,small,3.15,observed,historical_collaborator_archive,60,runtime <= 5s -> 60s,,True
train,desaulniers2014,tiny_instance.json,tiny_solution.json,small,0.29,observed,historical_collaborator_archive,60,runtime <= 5s -> 60s,,True
train,desaulniers2016,tiny_instance.json,tiny_solution.json,small,0.48,observed,historical_collaborator_archive,60,runtime <= 5s -> 60s,,True
train,dienstknecht2024,tiny_instance.json,tiny_solution.json,small,0.41,observed,historical_collaborator_archive,60,runtime <= 5s -> 60s,,True
train,earl2005,tiny_instance.json,tiny_solution.json,small,0.15,observed,historical_collaborator_archive,60,runtime <= 5s -> 60s,,True
train,eiselt2009,tiny_instance.json,tiny_solution.json,small,14.89,observed,historical_collaborator_archive,120,runtime <= 30s -> 120s,,True
train,elci2022,tiny_instance.json,tiny_solution.json,small,0.46,observed,historical_collaborator_archive,60,runtime <= 5s -> 60s,,True
train,engineer2012,tiny_instance.json,tiny_solution.json,small,12.41,observed,historical_collaborator_archive,120,runtime <= 30s -> 120s,,True
train,engineer2012,tiny_instance_2.json,tiny_solution_2.json,small,120.18564329016954,observed,historical_reference_regeneration_20260829,600,runtime <= 300s -> 600s,,True
train,fischetti1997,tiny_instance.json,tiny_solution.json,small,0.26,observed,historical_collaborator_archive,60,runtime <= 5s -> 60s,,True
train,fischetti1998,tiny_instance.json,tiny_solution.json,small,0.21,observed,historical_collaborator_archive,60,runtime <= 5s -> 60s,,True
train,fischetti2017,tiny_instance.json,tiny_solution.json,small,0.41,observed,historical_collaborator_archive,60,runtime <= 5s -> 60s,,True
train,fleszar2022b,tiny_instance.json,tiny_solution.json,small,0.22,observed,historical_collaborator_archive,60,runtime <= 5s -> 60s,,True
train,forrest2006,tiny_instance.json,tiny_solution.json,small,0.17,observed,historical_collaborator_archive,60,runtime <= 5s -> 60s,,True
train,fragkos2016,tiny_instance.json,tiny_solution.json,small,0.14,observed,historical_collaborator_archive,60,runtime <= 5s -> 60s,,True
train,fragkos2021,tiny_instance.json,tiny_solution.json,small,0.11,observed,historical_collaborator_archive,60,runtime <= 5s -> 60s,,True
train,freeman2018,tiny_instance.json,tiny_solution.json,small,0.9,observed,historical_collaborator_archive,60,runtime <= 5s -> 60s,,True
train,freling2003,tiny_instance.json,tiny_solution.json,small,0.11,observed,historical_collaborator_archive,60,runtime <= 5s -> 60s,,True
train,frey2017,tiny_instance.json,tiny_solution.json,small,0.25,observed,historical_collaborator_archive,60,runtime <= 5s -> 60s,,True
train,furini2016,tiny_instance.json,tiny_solution.json,small,6.11,observed,historical_collaborator_archive,120,runtime <= 30s -> 120s,,True
train,furini2017,tiny_instance.json,tiny_solution.json,small,1.46,observed,historical_collaborator_archive,60,runtime <= 5s -> 60s,,True
train,furini2019,tiny_instance.json,tiny_solution.json,small,0.12,observed,historical_collaborator_archive,60,runtime <= 5s -> 60s,,True
train,furini2021,tiny_instance.json,tiny_solution.json,small,0.1,observed,historical_collaborator_archive,60,runtime <= 5s -> 60s,,True
train,gamache1999,tiny_instance.json,tiny_solution.json,small,23.69,observed,historical_collaborator_archive,120,runtime <= 30s -> 120s,,True
train,gangammanavar2020,tiny_instance.json,tiny_solution.json,small,0.3,observed,historical_collaborator_archive,60,runtime <= 5s -> 60s,,True
train,garcia2011,tiny_instance.json,tiny_solution.json,small,4.21,observed,historical_collaborator_archive,60,runtime <= 5s -> 60s,,True
train,gruson2021,tiny_instance.json,tiny_solution.json,small,13.8,observed,historical_collaborator_archive,120,runtime <= 30s -> 120s,,True
train,gschwind2021,tiny_instance.json,tiny_solution.json,small,0.11490924376994371,observed,current_rerun_20260831,60,runtime <= 5s -> 60s,,True
train,gualandi2012,tiny_instance.json,tiny_solution.json,small,0.13,observed,historical_collaborator_archive,60,runtime <= 5s -> 60s,,True
train,guo2021,tiny_instance.json,tiny_solution.json,small,0.65,observed,historical_collaborator_archive,60,runtime <= 5s -> 60s,,True
train,guo2021,tiny_instance_2.json,tiny_solution_2.json,small,120.18470600619912,observed,historical_reference_regeneration_20260829,600,runtime <= 300s -> 600s,,True
train,hadjar2006,tiny_instance.json,tiny_solution.json,small,0.41540332045406103,observed,current_rerun_20260831,60,runtime <= 5s -> 60s,,True
train,hassannayebi2016,tiny_instance.json,tiny_solution.json,small,0.56,observed,historical_collaborator_archive,60,runtime <= 5s -> 60s,,True
train,he2020,tiny_instance.json,tiny_solution.json,small,4.25,observed,historical_collaborator_archive,60,runtime <= 5s -> 60s,,True
train,hewitt2024,tiny_instance.json,tiny_solution.json,small,0.26,observed,historical_collaborator_archive,60,runtime <= 5s -> 60s,,True
train,hoffman1993,tiny_instance.json,tiny_solution.json,small,0.08,observed,historical_collaborator_archive,60,runtime <= 5s -> 60s,,True
train,hosseinian2020,tiny_instance.json,tiny_solution.json,small,0.14,observed,historical_collaborator_archive,60,runtime <= 5s -> 60s,,True
train,huisman2005,tiny_instance.json,tiny_solution.json,small,47.12,observed,historical_collaborator_archive,300,runtime <= 120s -> 300s,,True
train,huisman2005,tiny_instance_2.json,tiny_solution_2.json,small,101.76123650092632,observed,historical_reference_regeneration_20260829,300,runtime <= 120s -> 300s,,True
train,ji2019,tiny_instance.json,tiny_solution.json,small,0.6,observed,historical_collaborator_archive,60,runtime <= 5s -> 60s,,True
train,juvin2023,tiny_instance.json,tiny_solution.json,small,0.11,observed,historical_collaborator_archive,60,runtime <= 5s -> 60s,,True
train,kang2021,tiny_instance.json,tiny_solution.json,small,0.35,observed,historical_collaborator_archive,60,runtime <= 5s -> 60s,,True
train,klose2005,tiny_instance.json,tiny_solution.json,small,2.02,observed,historical_collaborator_archive,60,runtime <= 5s -> 60s,,True
train,knueven2020,tiny_instance.json,tiny_solution.json,small,43.69,observed,historical_collaborator_archive,300,runtime <= 120s -> 300s,,True
train,kobayashi2021,tiny_instance.json,tiny_solution.json,small,0.36,observed,historical_collaborator_archive,60,runtime <= 5s -> 60s,,True
train,kobeaga2024,tiny_instance.json,tiny_solution.json,small,0.28,observed,historical_collaborator_archive,60,runtime <= 5s -> 60s,,True
train,kowalczyk2018,tiny_instance.json,tiny_solution.json,small,7.08,observed,historical_collaborator_archive,120,runtime <= 30s -> 120s,,True
train,kowalczyk2024,tiny_instance.json,tiny_solution.json,small,24.14,observed,historical_collaborator_archive,120,runtime <= 30s -> 120s,,True
train,kress2019,tiny_instance.json,tiny_solution.json,small,113.15415413305163,observed,current_rerun_20260831,300,runtime <= 120s -> 300s,,True
train,kreter2018,tiny_instance.json,tiny_solution.json,small,0.11,observed,historical_collaborator_archive,60,runtime <= 5s -> 60s,,True
train,lai2021,tiny_instance.json,tiny_solution.json,small,1.69,observed,historical_collaborator_archive,60,runtime <= 5s -> 60s,,True
train,laporte2003,tiny_instance.json,tiny_solution.json,small,0.39,observed,historical_collaborator_archive,60,runtime <= 5s -> 60s,,True
train,lee1996,tiny_instance.json,tiny_solution.json,small,0.35,observed,historical_collaborator_archive,60,runtime <= 5s -> 60s,,True
train,legrain2020,tiny_instance.json,tiny_solution.json,small,3.84,observed,historical_collaborator_archive,60,runtime <= 5s -> 60s,,True
train,legrain2024,tiny_instance.json,tiny_solution.json,small,0.17503456585109234,observed,current_rerun_20260831,60,runtime <= 5s -> 60s,,True
train,letelier2022,tiny_instance.json,tiny_solution.json,small,0.14,observed,historical_collaborator_archive,60,runtime <= 5s -> 60s,,True
train,levin2017,tiny_instance.json,tiny_solution.json,small,0.25,observed,historical_collaborator_archive,60,runtime <= 5s -> 60s,,True
train,li2020,tiny_instance.json,tiny_solution.json,small,0.51,observed,historical_collaborator_archive,60,runtime <= 5s -> 60s,,True
train,liao2020,tiny_instance.json,tiny_solution.json,small,0.16487140953540802,observed,current_rerun_20260831,60,runtime <= 5s -> 60s,,True
train,lozano2017,tiny_instance.json,tiny_solution.json,small,0.21614709962159395,observed,current_rerun_20260831,60,runtime <= 5s -> 60s,,True
train,luo2017,tiny_instance.json,tiny_solution.json,small,12.6,observed,historical_collaborator_archive,120,runtime <= 30s -> 120s,,True
train,mansini2020,tiny_instance.json,tiny_solution.json,small,0.14,observed,historical_collaborator_archive,60,runtime <= 5s -> 60s,,True
train,martello1999,tiny_instance.json,tiny_solution.json,small,0.14,observed,historical_collaborator_archive,60,runtime <= 5s -> 60s,,True
train,martin-iradi2024,tiny_instance.json,tiny_solution.json,small,0.09,observed,historical_collaborator_archive,60,runtime <= 5s -> 60s,,True
train,mehrotra1996,tiny_instance.json,tiny_solution.json,small,0.1733037382364273,observed,current_rerun_20260831,60,runtime <= 5s -> 60s,,True
train,mingozzi1999,tiny_instance.json,tiny_solution.json,small,3.17,observed,historical_collaborator_archive,60,runtime <= 5s -> 60s,,True
train,morrison2016,tiny_instance.json,tiny_solution.json,small,0.09,observed,historical_collaborator_archive,60,runtime <= 5s -> 60s,,True
train,muter2010,tiny_instance.json,tiny_solution.json,small,8.557744901627302,observed,current_rerun_20260831,120,runtime <= 30s -> 120s,,True
train,nagy2015,tiny_instance.json,tiny_solution.json,small,0.23,observed,historical_collaborator_archive,60,runtime <= 5s -> 60s,,True
train,nagy2015,tiny_instance_2.json,tiny_solution_2.json,small,120.10086762346327,observed,historical_reference_regeneration_20260829,600,runtime <= 300s -> 600s,,True
train,oliveira2020,tiny_instance.json,tiny_solution.json,small,3600.3802054468542,observed,current_rerun_20260831,900,runtime > 300s -> 900s,,True
train,oliveira2020,tiny_instance_2.json,tiny_solution_2.json,small,3600.7416575262323,observed,current_rerun_20260831,900,runtime > 300s -> 900s,,True
train,ostrowski2012,tiny_instance.json,tiny_solution.json,small,0.6831207359209657,observed,current_rerun_20260831,60,runtime <= 5s -> 60s,,True
train,ozturk2020,tiny_instance.json,tiny_solution.json,small,0.51,observed,historical_collaborator_archive,60,runtime <= 5s -> 60s,,True
train,ozturk2020,tiny_instance_2.json,tiny_solution_2.json,small,120.10839886032045,observed,historical_reference_regeneration_20260829,600,runtime <= 300s -> 600s,,True
train,pecin2017,tiny_instance.json,tiny_solution.json,small,15.92,observed,historical_collaborator_archive,120,runtime <= 30s -> 120s,,True
train,pecin2017,tiny_instance_2.json,tiny_solution_2.json,small,120.29254020377994,observed,historical_reference_regeneration_20260829,600,runtime <= 300s -> 600s,,True
train,pedersen2024,tiny_instance.json,tiny_solution.json,small,0.17,observed,historical_collaborator_archive,60,runtime <= 5s -> 60s,,True
train,pessoa2021,tiny_instance.json,tiny_solution.json,small,0.58,observed,historical_collaborator_archive,60,runtime <= 5s -> 60s,,True
train,pettersson2020,tiny_instance.json,tiny_solution.json,small,0.13,observed,historical_collaborator_archive,60,runtime <= 5s -> 60s,,True
train,pinnoi1997,tiny_instance.json,tiny_solution.json,small,0.11,observed,historical_collaborator_archive,60,runtime <= 5s -> 60s,,True
train,potthoff2010,tiny_instance.json,tiny_solution.json,small,0.12171446159482002,observed,current_rerun_20260831,60,runtime <= 5s -> 60s,,True
train,potthoff2010,tiny_instance_2.json,tiny_solution_2.json,small,0.17098032590001822,observed,current_rerun_20260831,60,runtime <= 5s -> 60s,,True
train,rahimian2017,tiny_instance.json,tiny_solution.json,small,0.13,observed,historical_collaborator_archive,60,runtime <= 5s -> 60s,,True
train,rahmaniani2017,tiny_instance.json,tiny_solution.json,small,0.6742432024329901,observed,current_rerun_20260831,60,runtime <= 5s -> 60s,,True
train,rahmaniani2018,tiny_instance.json,tiny_solution.json,small,100.9549294617027,observed,current_rerun_20260831,300,runtime <= 120s -> 300s,,True
train,rahmaniani2020,tiny_instance.json,tiny_solution.json,small,0.15,observed,historical_collaborator_archive,60,runtime <= 5s -> 60s,,True
train,rahmaniani2022,tiny_instance.json,tiny_solution.json,small,87.18571518734097,observed,current_rerun_20260831,300,runtime <= 120s -> 300s,,True
train,reihaneh2019,tiny_instance.json,tiny_solution.json,small,0.29,observed,historical_collaborator_archive,60,runtime <= 5s -> 60s,,True
train,reinhardt2016,tiny_instance.json,tiny_solution.json,small,18.8,observed,historical_collaborator_archive,120,runtime <= 30s -> 120s,,True
train,ribeiro1994,tiny_instance.json,tiny_solution.json,small,0.12,observed,historical_collaborator_archive,60,runtime <= 5s -> 60s,,True
train,riley2025,tiny_instance.json,tiny_solution.json,small,0.617145529948175,observed,current_rerun_20260831,60,runtime <= 5s -> 60s,,True
train,roberti2015,tiny_instance.json,tiny_solution.json,small,0.4,observed,historical_collaborator_archive,60,runtime <= 5s -> 60s,,True
train,roberti2018,tiny_instance.json,tiny_solution.json,small,1.48,observed,historical_collaborator_archive,60,runtime <= 5s -> 60s,,True
train,roberti2021,tiny_instance.json,tiny_solution.json,small,0.38,observed,historical_collaborator_archive,60,runtime <= 5s -> 60s,,True
train,ropke2009,tiny_instance.json,tiny_solution.json,small,6.25,observed,historical_collaborator_archive,120,runtime <= 30s -> 120s,,True
train,ropke2009,tiny_instance_2.json,tiny_solution_2.json,small,122.28704409208149,observed,historical_reference_regeneration_20260829,600,runtime <= 300s -> 600s,,True
train,roshanaei2017,tiny_instance.json,tiny_solution.json,small,0.66,observed,historical_collaborator_archive,60,runtime <= 5s -> 60s,,True
train,rostami2021,tiny_instance.json,tiny_solution.json,small,0.18,observed,historical_collaborator_archive,60,runtime <= 5s -> 60s,,True
train,rothenbacher2018,tiny_instance.json,tiny_solution.json,small,3.81,observed,historical_collaborator_archive,60,runtime <= 5s -> 60s,,True
train,rothenbacher2018,tiny_instance_2.json,tiny_solution_2.json,small,120.38702654652297,observed,historical_reference_regeneration_20260829,600,runtime <= 300s -> 600s,,True
train,rothenbacher2019,tiny_instance.json,tiny_solution.json,small,2.73,observed,historical_collaborator_archive,60,runtime <= 5s -> 60s,,True
train,ruiz2007,tiny_instance.json,tiny_solution.json,small,0.19,observed,historical_collaborator_archive,60,runtime <= 5s -> 60s,,True
train,ruiz2007,tiny_instance_2.json,tiny_solution_2.json,small,120.12923577986658,observed,historical_reference_regeneration_20260829,600,runtime <= 300s -> 600s,,True
train,sadykov2013,tiny_instance.json,tiny_solution.json,small,5.04,observed,historical_collaborator_archive,120,runtime <= 30s -> 120s,,True
train,salemi2022,tiny_instance.json,tiny_solution.json,small,6.24,observed,historical_collaborator_archive,120,runtime <= 30s -> 120s,,True
train,samarghandi2017,tiny_instance.json,tiny_solution.json,small,0.7,observed,historical_collaborator_archive,60,runtime <= 5s -> 60s,,True
train,sansegundo2016,tiny_instance.json,tiny_solution.json,small,0.84,observed,historical_collaborator_archive,60,runtime <= 5s -> 60s,,True
train,sansegundo2023,tiny_instance.json,tiny_solution.json,small,23.91,observed,historical_collaborator_archive,120,runtime <= 30s -> 120s,,True
train,savelsbergh1997,tiny_instance.json,tiny_solution.json,small,0.11,observed,historical_collaborator_archive,60,runtime <= 5s -> 60s,,True
train,schwerdfeger2016,tiny_instance.json,tiny_solution.json,small,0.12,observed,historical_collaborator_archive,60,runtime <= 5s -> 60s,,True
train,segundo2019,tiny_instance.json,tiny_solution.json,small,32.69,observed,historical_collaborator_archive,300,runtime <= 120s -> 300s,,True
train,segundo2019,tiny_instance_2.json,tiny_solution_2.json,small,124.14396197441965,observed,historical_reference_regeneration_20260829,600,runtime <= 300s -> 600s,,True
train,segundo2019b,tiny_instance.json,tiny_solution.json,small,1.83,observed,historical_collaborator_archive,60,runtime <= 5s -> 60s,,True
train,seker2021,tiny_instance.json,tiny_solution.json,small,0.13,observed,historical_collaborator_archive,60,runtime <= 5s -> 60s,,True
train,song2021,tiny_instance.json,tiny_solution.json,small,2.34,observed,historical_collaborator_archive,60,runtime <= 5s -> 60s,,True
train,spliet2015,tiny_instance.json,tiny_solution.json,small,2.42,observed,historical_collaborator_archive,60,runtime <= 5s -> 60s,,True
train,spliet2015,tiny_instance_2.json,tiny_solution_2.json,small,120.13279023393989,observed,historical_reference_regeneration_20260829,600,runtime <= 300s -> 600s,,True
train,taninmis2022,tiny_instance.json,tiny_solution.json,small,35.45761927496642,observed,current_rerun_20260831,300,runtime <= 120s -> 300s,,True
train,tran2018,tiny_instance.json,tiny_solution.json,small,0.1,observed,historical_collaborator_archive,60,runtime <= 5s -> 60s,,True
train,vidal2011,tiny_instance.json,tiny_solution.json,small,2.78,observed,historical_collaborator_archive,60,runtime <= 5s -> 60s,,True
train,vidal2011,tiny_instance_2.json,tiny_solution_2.json,small,120.13476129248738,observed,historical_reference_regeneration_20260829,600,runtime <= 300s -> 600s,,True
train,walteros2020,tiny_instance.json,tiny_solution.json,small,6.41,observed,historical_collaborator_archive,120,runtime <= 30s -> 120s,,True
train,wang2019,tiny_instance.json,tiny_solution.json,small,0.28,observed,historical_collaborator_archive,60,runtime <= 5s -> 60s,,True
train,wang2025,tiny_instance.json,tiny_solution.json,small,0.46,observed,historical_collaborator_archive,60,runtime <= 5s -> 60s,,True
train,wangk2020,tiny_instance.json,tiny_solution.json,small,2.37,observed,historical_collaborator_archive,60,runtime <= 5s -> 60s,,True
train,wangy2020,tiny_instance.json,tiny_solution.json,small,1.38,observed,historical_collaborator_archive,60,runtime <= 5s -> 60s,,True
train,watermeyer2020,tiny_instance.json,tiny_solution.json,small,0.14,observed,historical_collaborator_archive,60,runtime <= 5s -> 60s,,True
train,watermeyer2022,tiny_instance.json,tiny_solution.json,small,0.12,observed,historical_collaborator_archive,60,runtime <= 5s -> 60s,,True
train,watermeyer2023,tiny_instance.json,tiny_solution.json,small,0.11,observed,historical_collaborator_archive,60,runtime <= 5s -> 60s,,True
train,wei2020,tiny_instance.json,tiny_solution.json,small,0.5,observed,historical_collaborator_archive,60,runtime <= 5s -> 60s,,True
train,wei2020b,tiny_instance.json,tiny_solution.json,small,0.11,observed,historical_collaborator_archive,60,runtime <= 5s -> 60s,,True
train,wu2018,tiny_instance.json,tiny_solution.json,small,0.19,observed,historical_collaborator_archive,60,runtime <= 5s -> 60s,,True
train,wu2022,tiny_instance.json,tiny_solution.json,small,0.11,observed,historical_collaborator_archive,60,runtime <= 5s -> 60s,,True
train,wu2023,tiny_instance.json,tiny_solution.json,small,3.891890574246645,observed,current_rerun_20260831,60,runtime <= 5s -> 60s,,True
train,xie2019,tiny_instance.json,tiny_solution.json,small,2.15,observed,historical_collaborator_archive,60,runtime <= 5s -> 60s,,True
train,xu2024,tiny_instance.json,tiny_solution.json,small,0.91,observed,historical_collaborator_archive,60,runtime <= 5s -> 60s,,True
train,yang2013,tiny_instance.json,tiny_solution.json,small,0.88,observed,historical_collaborator_archive,60,runtime <= 5s -> 60s,,True
train,zetina2019,tiny_instance.json,tiny_solution.json,small,1.05,observed,historical_collaborator_archive,60,runtime <= 5s -> 60s,,True
train,zetina2020,tiny_instance.json,tiny_solution.json,small,0.12,observed,historical_collaborator_archive,60,runtime <= 5s -> 60s,,True
train,zhang2025,tiny_instance.json,tiny_solution.json,small,0.16,observed,historical_collaborator_archive,60,runtime <= 5s -> 60s,,True
train,zohali2022,tiny_instance.json,tiny_solution.json,small,0.5188968786969781,observed,current_rerun_20260831,60,runtime <= 5s -> 60s,,True
